EIN,NAME,CITY,STATE,ZIP,NTEE_CD,NTEE_MAJOR,TAX_YEAR,TAX_PERIOD,SUB_DATE,RETURN_TYPE,OBJECT_ID,FILING_YEAR
043626557,CROSS CULTURAL HEALTH CARE PROGRAM,SEATTLE,WA,98144-2707,E60,E,2019,201912,9/29/2020 6:24:31 PM,990,202001539349300000,2020
043626557,CROSS CULTURAL HEALTH CARE PROGRAM,SEATTLE,WA,98144-2707,E60,E,2020,202012,1/4/2022 11:53:39 AM,990,202132849349301573,2021
043626557,CROSS CULTURAL HEALTH CARE PROGRAM,SEATTLE,WA,98144-2707,E60,E,2021,202112,2022,990,202223159349303812,2022
043626557,CROSS CULTURAL HEALTH CARE PROGRAM,SEATTLE,WA,98144-2707,E60,E,2022,202212,2023,990,202333179349305178,2023
043626557,CROSS CULTURAL HEALTH CARE PROGRAM,SEATTLE,WA,98144-2707,E60,E,2023,202312,2024,990,202411169349301856,2024
146032448,NEUROSURGICAL SOCIETY OF AMERICA,SEATTLE,WA,98199-3245,G96Z,G,2019,201912,4/5/2021 7:26:20 PM,990,202023439349301007,2020
146032448,NEUROSURGICAL SOCIETY OF AMERICA,SEATTLE,WA,98199-3245,G96Z,G,2020,202012,10/25/2022 8:38:40 AM,990,202113199349304426,2021
146032448,NEUROSURGICAL SOCIETY OF AMERICA,SEATTLE,WA,98199-3245,G96Z,G,2021,202112,2022,990,202223089349300922,2022
146032448,NEUROSURGICAL SOCIETY OF AMERICA,SEATTLE,WA,98199-3245,G96Z,G,2022,202212,2023,990,202313009349301116,2023
146032448,NEUROSURGICAL SOCIETY OF AMERICA,SEATTLE,WA,98199-3245,G96Z,G,2023,202312,2025,990,202501489349300720,2025
200799737,NORTHWEST HOPE & HEALING FOUNDATION,SEATTLE,WA,98101-1217,E11,E,2020,202012,10/26/2022 7:45:25 AM,990,202143199349325304,2021
200799737,NORTHWEST HOPE & HEALING FOUNDATION,SEATTLE,WA,98101-1217,E11,E,2021,202112,2022,990,202233129349301338,2022
200799737,NORTHWEST HOPE & HEALING FOUNDATION,SEATTLE,WA,98101-1217,E11,E,2022,202212,2023,990,202343189349318664,2023
200799737,NORTHWEST HOPE & HEALING FOUNDATION,SEATTLE,WA,98101-1217,E11,E,2023,202312,2024,990,202413179349304316,2024
203584556,CHILDS PLAY,SEATTLE,WA,98134-0000,E86,E,2019,201912,11/24/2020 12:02:34 PM,990,202012529349300711,2020
203584556,CHILDS PLAY,SEATTLE,WA,98134-0000,E86,E,2020,202012,1/4/2022 11:48:09 AM,990,202102859349302165,2021
203584556,CHILDS PLAY,SEATTLE,WA,98134-0000,E86,E,2021,202112,2022,990,202211369349308296,2022
203584556,CHILDS PLAY,SEATTLE,WA,98134-0000,E86,E,2022,202212,2023,990,202322649349301912,2023
203584556,CHILDS PLAY,SEATTLE,WA,98134-0000,E86,E,2023,202312,2024,990,202411369349316421,2024
204377921,PROJECT ACCESS NORTHWEST,SEATTLE,WA,98122-5574,E60,E,2020,202012,1/7/2022 7:42:32 AM,990,202113099349301336,2021
204377921,PROJECT ACCESS NORTHWEST,SEATTLE,WA,98122-5574,E60,E,2021,202112,2022,990,202203129349300600,2022
204377921,PROJECT ACCESS NORTHWEST,SEATTLE,WA,98122-5574,E60,E,2022,202212,2023,990,202303179349303725,2023
204377921,PROJECT ACCESS NORTHWEST,SEATTLE,WA,98122-5574,E60,E,2023,202312,2024,990,202443179349308329,2024
205118203,CANOPY SCHOLARS,SHORELINE,WA,98133-5751,E99,E,2020,202012,1/5/2022 12:32:51 PM,990,202133059349302308,2021
205118203,CANOPY SCHOLARS,SHORELINE,WA,98133-5751,E99,E,2021,202112,2022,990,202222999349301692,2022
205118203,CANOPY SCHOLARS,SHORELINE,WA,98133-5751,E99,E,2022,202212,2023,990,202312919349301741,2023
205118203,CANOPY SCHOLARS,SHORELINE,WA,98133-5751,E99,E,2023,202312,2024,990,202442299349301419,2024
205523963,TRANSPLANT HOUSE A NON-PROFITCORPORATION,SEATTLE,WA,98115-7367,E86,E,2020,202012,1/4/2022 12:29:33 PM,990,202112859349302036,2021
205523963,TRANSPLANT HOUSE A NON-PROFITCORPORATION,SEATTLE,WA,98115-7367,E86,E,2021,202112,2022,990,202233199349329193,2022
205523963,TRANSPLANT HOUSE A NON-PROFITCORPORATION,SEATTLE,WA,98115-7367,E86,E,2022,202212,2023,990,202300519349300965,2023
205523963,TRANSPLANT HOUSE A NON-PROFITCORPORATION,SEATTLE,WA,98115-7367,E86,E,2023,202312,2024,990,202413069349303001,2024
208511728,DAUGHTERS OF THE NILE FOUNDATION,SEATTLE,WA,98116-3641,E11,E,2020,202012,8/26/2021 3:27:04 PM,990,202121669349300022,2021
208511728,DAUGHTERS OF THE NILE FOUNDATION,SEATTLE,WA,98116-3641,E11,E,2021,202112,2022,990,202201959349302315,2022
208511728,DAUGHTERS OF THE NILE FOUNDATION,SEATTLE,WA,98116-3641,E11,E,2022,202212,2023,990,202311949349301131,2023
208511728,DAUGHTERS OF THE NILE FOUNDATION,SEATTLE,WA,98116-3641,E11,E,2023,202312,2024,990,202433169349306423,2024
237004247,SEATTLE DRUG & NARCOTIC CENTER SEADRUNER,SEATTLE,WA,98168-0000,F22Z,F,2020,202012,10/26/2022 7:53:15 AM,990,202143199349326934,2021
237004247,SEATTLE DRUG & NARCOTIC CENTER SEADRUNER,SEATTLE,WA,98168-0000,F22Z,F,2021,202112,2022,990,202243189349318079,2022
237004247,SEATTLE DRUG & NARCOTIC CENTER SEADRUNER,SEATTLE,WA,98168-0000,F22Z,F,2022,202212,2023,990,202333199349318348,2023
237004247,SEATTLE DRUG & NARCOTIC CENTER SEADRUNER,SEATTLE,WA,98168-0000,F22Z,F,2023,202312,2024,990,202403209349325905,2024
237082323,CENTER FOR HUMAN SERVICES,SHORELINE,WA,98155-0000,F20M,F,2019,201906,8/27/2020 8:52:38 PM,990,202000079349302225,2020
237082323,CENTER FOR HUMAN SERVICES,SHORELINE,WA,98155-0000,F20M,F,2020,202006,4/21/2021 7:33:35 AM,990,202121039349300642,2021
237082323,CENTER FOR HUMAN SERVICES,SHORELINE,WA,98155-0000,F20M,F,2021,202106,2022,990,202220949349300342,2022
237082323,CENTER FOR HUMAN SERVICES,SHORELINE,WA,98155-0000,F20M,F,2022,202206,2023,990,202341249349302709,2023
237082323,CENTER FOR HUMAN SERVICES,SHORELINE,WA,98155-0000,F20M,F,2023,202306,2024,990,202430889349300518,2024
237100868,SEATTLE ROOTS COMMUNITY HEALTH,SEATTLE,WA,98112-4007,E32Z,E,2020,202012,10/25/2022 8:28:47 AM,990,202113199349307951,2021
237100868,SEATTLE ROOTS COMMUNITY HEALTH,SEATTLE,WA,98112-4007,E32Z,E,2021,202112,2023,990,202303209349302630,2023
237100868,SEATTLE ROOTS COMMUNITY HEALTH,SEATTLE,WA,98112-4007,E32Z,E,2022,202212,2023,990,202323319349301202,2023
237100868,SEATTLE ROOTS COMMUNITY HEALTH,SEATTLE,WA,98112-4007,E32Z,E,2023,202312,2024,990,202413199349311191,2024
237302952,ALANO CLUB OF THE EASTSIDE,BELLEVUE,WA,98005-3116,F20Z,F,2020,202012,1/7/2022 8:40:01 AM,990,202113159349305586,2021
237302952,ALANO CLUB OF THE EASTSIDE,BELLEVUE,WA,98005-3116,F20Z,F,2021,202112,2022,990,202241379349301794,2022
237302952,ALANO CLUB OF THE EASTSIDE,BELLEVUE,WA,98005-3116,F20Z,F,2022,202212,2023,990,202321289349302057,2023
237302952,ALANO CLUB OF THE EASTSIDE,BELLEVUE,WA,98005-3116,F20Z,F,2023,202312,2024,990,202401349349309420,2024
237427669,HEALTH CENTER VOLUNTEERS INC,VASHON,WA,98070-1004,E22I,E,2020,202012,9/15/2021 7:23:37 AM,990,202142509349300534,2021
237427669,HEALTH CENTER VOLUNTEERS INC,VASHON,WA,98070-1004,E22I,E,2021,202112,2022,990,202211479349301261,2022
237427669,HEALTH CENTER VOLUNTEERS INC,VASHON,WA,98070-1004,E22I,E,2022,202212,2023,990,202333189349313288,2023
237427669,HEALTH CENTER VOLUNTEERS INC,VASHON,WA,98070-1004,E22I,E,2023,202312,2024,990,202423209349313552,2024
260493856,INTERNATIONAL COMMUNITY HEALTHSERVICES FOUNDATION,SEATTLE,WA,98104-3033,G11,G,2019,201912,9/23/2020 10:44:34 AM,990,202002179349301310,2020
260493856,INTERNATIONAL COMMUNITY HEALTHSERVICES FOUNDATION,SEATTLE,WA,98104-3033,G11,G,2020,202012,1/7/2022 10:10:54 AM,990,202133129349302113,2021
260493856,INTERNATIONAL COMMUNITY HEALTHSERVICES FOUNDATION,SEATTLE,WA,98104-3033,G11,G,2021,202112,2022,990,202243119349301614,2022
260493856,INTERNATIONAL COMMUNITY HEALTHSERVICES FOUNDATION,SEATTLE,WA,98104-3033,G11,G,2022,202212,2023,990,202322069349300112,2023
260493856,INTERNATIONAL COMMUNITY HEALTHSERVICES FOUNDATION,SEATTLE,WA,98104-3033,G11,G,2023,202312,2024,990,202442229349300809,2024
260597175,SHOUT IT NOW,SEATTLE,WA,98116-4470,G81,G,2019,201912,4/12/2021 4:12:16 PM,990,202120369349300607,2021
260597175,SHOUT IT NOW,SEATTLE,WA,98116-4470,G81,G,2020,202012,10/25/2022 8:19:41 AM,990,202113199349303681,2021
260597175,SHOUT IT NOW,SEATTLE,WA,98116-4470,G81,G,2021,202112,2022,990,202203199349315595,2022
260597175,SHOUT IT NOW,SEATTLE,WA,98116-4470,G81,G,2022,202212,2023,990,202323199349324847,2023
260597175,SHOUT IT NOW,SEATTLE,WA,98116-4470,G81,G,2023,202312,2024,990,202413209349309871,2024
262185614,CHRIS ELLIOTT FUND,REDMOND,WA,98052-3543,G19,G,2019,201912,9/4/2020 1:12:10 AM,990,202001239349300400,2020
262185614,CHRIS ELLIOTT FUND,REDMOND,WA,98052-3543,G19,G,2020,202012,8/27/2021 1:01:17 PM,990,202131739349301433,2021
262185614,CHRIS ELLIOTT FUND,REDMOND,WA,98052-3543,G19,G,2021,202112,2022,990,202231759349300923,2022
262185614,CHRIS ELLIOTT FUND,REDMOND,WA,98052-3543,G19,G,2022,202212,2023,990,202323059349302232,2023
262185614,CHRIS ELLIOTT FUND,REDMOND,WA,98052-3543,G19,G,2023,202312,2024,990,202422609349301317,2024
262567339,PROJECTO HONDURAS,FEDERAL WAY,WA,98003-6006,E30,E,2020,202012,9/14/2021 9:19:37 AM,990,202102519349301350,2021
263813271,LABORATORY SERVICES COOPERATIVE,SEATTLE,WA,98122-2959,E600,E,2019,201906,10/8/2020 11:34:13 PM,990,202040589349300324,2020
263813271,LABORATORY SERVICES COOPERATIVE,SEATTLE,WA,98122-2959,E600,E,2020,202006,5/20/2021 3:59:10 PM,990,202131329349302208,2021
263813271,LABORATORY SERVICES COOPERATIVE,SEATTLE,WA,98122-2959,E600,E,2021,202106,2022,990,202210969349300536,2022
263813271,LABORATORY SERVICES COOPERATIVE,SEATTLE,WA,98122-2959,E600,E,2022,202206,2023,990,202341329349305789,2023
263813271,LABORATORY SERVICES COOPERATIVE,SEATTLE,WA,98122-2959,E600,E,2023,202306,2024,990,202430739349300948,2024
264098401,FRIENDS OF RECOVERY CAFE,SEATTLE,WA,98121-2703,F11,F,2019,201906,6/26/2020 8:07:15 PM,990,201903479349301015,2020
264098401,FRIENDS OF RECOVERY CAFE,SEATTLE,WA,98121-2703,F11,F,2020,202006,5/18/2021 3:30:20 PM,990,202111339349305826,2021
264098401,FRIENDS OF RECOVERY CAFE,SEATTLE,WA,98121-2703,F11,F,2021,202106,2022,990,202212839349300721,2022
264098401,FRIENDS OF RECOVERY CAFE,SEATTLE,WA,98121-2703,F11,F,2022,202206,2023,990,202321009349300842,2023
264098401,FRIENDS OF RECOVERY CAFE,SEATTLE,WA,98121-2703,F11,F,2023,202306,2024,990,202421139349301702,2024
264161135,ABSOLUTE MINISTRIES,AUBURN,WA,98092-8157,F22,F,2020,202012,9/3/2021 12:53:47 PM,990,202112379349301656,2021
264161135,ABSOLUTE MINISTRIES,AUBURN,WA,98092-8157,F22,F,2021,202112,2022,990,202212079349300021,2022
264161135,ABSOLUTE MINISTRIES,AUBURN,WA,98092-8157,F22,F,2022,202212,2023,990,202343129349302434,2023
264161135,ABSOLUTE MINISTRIES,AUBURN,WA,98092-8157,F22,F,2023,202312,2024,990,202420409349300642,2024
270054883,AFRICAN AMERICAN REACH & TEACH HEALTH MINISTRY,SEATTLE,WA,98122-4205,E60,E,2020,202012,10/25/2022 7:42:38 PM,990,202123199349329402,2021
270054883,AFRICAN AMERICAN REACH & TEACH HEALTH MINISTRY,SEATTLE,WA,98122-4205,E60,E,2021,202112,2022,990,202203199349319290,2022
270054883,AFRICAN AMERICAN REACH & TEACH HEALTH MINISTRY,SEATTLE,WA,98122-4205,E60,E,2022,202212,2023,990,202323199349328782,2023
270054883,AFRICAN AMERICAN REACH & TEACH HEALTH MINISTRY,SEATTLE,WA,98122-4205,E60,E,2023,202312,2024,990,202423149349300332,2024
271098473,HOPECENTRAL,SEATTLE,WA,98118-2609,E32,E,2020,202008,1/4/2022 10:37:54 AM,990,202132749349301313,2021
271098473,HOPECENTRAL,SEATTLE,WA,98118-2609,E32,E,2021,202108,2022,990,202230959349301403,2022
271098473,HOPECENTRAL,SEATTLE,WA,98118-2609,E32,E,2022,202208,2023,990,202311719349300401,2023
271098473,HOPECENTRAL,SEATTLE,WA,98118-2609,E32,E,2023,202308,2024,990,202441979349300309,2024
272314726,WASHINGTON GLOBAL HEALTH ALLIANCE,REDMOND,WA,98052-7848,E70,E,2020,202012,5/24/2021 8:28:53 AM,990,202131339349303813,2021
272314726,WASHINGTON GLOBAL HEALTH ALLIANCE,REDMOND,WA,98052-7848,E70,E,2021,202112,2022,990,202222079349301712,2022
272314726,WASHINGTON GLOBAL HEALTH ALLIANCE,REDMOND,WA,98052-7848,E70,E,2022,202212,2023,990,202333129349304958,2023
272314726,WASHINGTON GLOBAL HEALTH ALLIANCE,REDMOND,WA,98052-7848,E70,E,2023,202312,2024,990,202412899349301591,2024
273133200,GLOBAL TO LOCAL HEALTH INITIATIVE,SEATAC,WA,98188-5164,E70,E,2019,201912,10/9/2020 11:49:20 AM,990,202012239349301606,2020
273133200,GLOBAL TO LOCAL HEALTH INITIATIVE,SEATAC,WA,98188-5164,E70,E,2020,202012,1/4/2022 9:29:07 AM,990,202102739349301620,2021
273133200,GLOBAL TO LOCAL HEALTH INITIATIVE,SEATAC,WA,98188-5164,E70,E,2021,202112,2022,990,202232519349301408,2022
273133200,GLOBAL TO LOCAL HEALTH INITIATIVE,SEATAC,WA,98188-5164,E70,E,2022,202212,2023,990,202302769349301145,2023
273133200,GLOBAL TO LOCAL HEALTH INITIATIVE,SEATAC,WA,98188-5164,E70,E,2023,202312,2024,990,202443199349308344,2024
273832515,CORNERSTONE MEDICAL SERVICES FOUNDATION,FEDERAL WAY,WA,98003-5720,E32,E,2022,202212,2023,990,202323129349302587,2023
273832515,CORNERSTONE MEDICAL SERVICES FOUNDATION,FEDERAL WAY,WA,98003-5720,E32,E,2023,202312,2024,990,202411989349300131,2024
300213137,BIO VENTURES FOR GLOBAL HEALTH,SEATTLE,WA,98121-2312,E120,E,2019,201912,4/19/2021 6:24:06 PM,990,202101039349301030,2021
300213137,BIO VENTURES FOR GLOBAL HEALTH,SEATTLE,WA,98121-2312,E120,E,2020,202012,1/7/2022 9:53:24 AM,990,202123159349304827,2021
300213137,BIO VENTURES FOR GLOBAL HEALTH,SEATTLE,WA,98121-2312,E120,E,2021,202112,2022,990,202223189349318592,2022
300213137,BIO VENTURES FOR GLOBAL HEALTH,SEATTLE,WA,98121-2312,E120,E,2022,202212,2023,990,202343199349325874,2023
300213137,BIO VENTURES FOR GLOBAL HEALTH,SEATTLE,WA,98121-2312,E120,E,2023,202312,2024,990,202433209349324068,2024
300745689,VITAL TALK,SEATTLE,WA,98104-2210,E03,E,2020,202012,9/29/2021 6:21:42 AM,990,202102649349301565,2021
300745689,VITAL TALK,SEATTLE,WA,98104-2210,E03,E,2021,202112,2022,990,202211729349300606,2022
300745689,VITAL TALK,SEATTLE,WA,98104-2210,E03,E,2022,202212,2023,990,202312579349300441,2023
300745689,VITAL TALK,SEATTLE,WA,98104-2210,E03,E,2023,202312,2024,990,202432119349301323,2024
311775429,ENTRE HERMANOS,SEATTLE,WA,98144-2277,G81,G,2020,202012,2022,990,202210279349301061,2022
311775429,ENTRE HERMANOS,SEATTLE,WA,98144-2277,G81,G,2021,202112,2022,990,202203199349331320,2022
311775429,ENTRE HERMANOS,SEATTLE,WA,98144-2277,G81,G,2022,202212,2023,990,202343199349329724,2023
311775429,ENTRE HERMANOS,SEATTLE,WA,98144-2277,G81,G,2023,202312,2024,990,202433209349320133,2024
320212560,VISTA EXPERTISE NETWORK,SEATTLE,WA,98103-6576,E02,E,2020,202012,1/5/2022 12:01:01 PM,990,202142999349301854,2021
320212560,VISTA EXPERTISE NETWORK,SEATTLE,WA,98103-6576,E02,E,2021,202112,2024,990,202433059349303208,2024
320212560,VISTA EXPERTISE NETWORK,SEATTLE,WA,98103-6576,E02,E,2022,202212,2025,990,202541559349301439,2025
330844408,LITTLE COMPANY OF MARY ANCILLARY SERVICES CORPORATION,RENTON,WA,98057-3368,E300,E,2019,201912,9/29/2021 6:45:02 AM,990,202122649349300137,2021
330844408,LITTLE COMPANY OF MARY ANCILLARY SERVICES CORPORATION,RENTON,WA,98057-3368,E300,E,2020,202012,1/6/2022 10:15:41 AM,990,202103139349302605,2021
330844408,LITTLE COMPANY OF MARY ANCILLARY SERVICES CORPORATION,RENTON,WA,98057-3368,E300,E,2021,202112,2022,990,202223199349300632,2022
330844408,LITTLE COMPANY OF MARY ANCILLARY SERVICES CORPORATION,RENTON,WA,98057-3368,E300,E,2022,202212,2023,990,202303179349311770,2023
330844408,LITTLE COMPANY OF MARY ANCILLARY SERVICES CORPORATION,RENTON,WA,98057-3368,E300,E,2023,202312,2024,990,202443179349301824,2024
331111221,SEATTLE VACCINE RESEARCH FUND,SEATTLE,WA,98109-1024,G11,G,2022,202206,2023,990,202330529349300503,2023
331111221,SEATTLE VACCINE RESEARCH FUND,SEATTLE,WA,98109-1024,G11,G,2023,202306,2023,990,202313189349301016,2023
331134368,PRESCRIPTION DRUG ASSISTANCE FOUNDATION,SEATTLE,WA,98122-4205,E80,E,2020,202012,5/21/2021 7:08:51 AM,990,202110879349300356,2021
331134368,PRESCRIPTION DRUG ASSISTANCE FOUNDATION,SEATTLE,WA,98122-4205,E80,E,2021,202112,2022,990,202240969349300349,2022
352262709,EDGE FOUNDATION,SEATTLE,WA,98102-3589,F123,F,2021,202106,2022,990,202221339349308472,2022
352262709,EDGE FOUNDATION,SEATTLE,WA,98102-3589,F123,F,2022,202206,2023,990,202341359349317764,2023
352262709,EDGE FOUNDATION,SEATTLE,WA,98102-3589,F123,F,2023,202306,2024,990,202421369349305807,2024
352577906,MAXAID,SEATTLE,WA,98107-4622,G19,G,2020,202012,1/5/2022 12:39:10 PM,990,202133069349301913,2021
352577906,MAXAID,SEATTLE,WA,98107-4622,G19,G,2021,202112,2022,990,202232839349301243,2022
352577906,MAXAID,SEATTLE,WA,98107-4622,G19,G,2022,202212,2023,990,202302169349300700,2023
352577906,MAXAID,SEATTLE,WA,98107-4622,G19,G,2023,202312,2024,990,202442299349301144,2024
364733035,SPECIAL DELIVERY DENTAL CARE P C,FEDERAL WAY,WA,98003-5255,E92,E,2020,202012,1/4/2022 12:12:18 PM,990,202132879349301243,2021
364733035,SPECIAL DELIVERY DENTAL CARE P C,FEDERAL WAY,WA,98003-5255,E92,E,2021,202112,2022,990,202203199349318625,2022
364733035,SPECIAL DELIVERY DENTAL CARE P C,FEDERAL WAY,WA,98003-5255,E92,E,2022,202212,2023,990,202333069349301773,2023
364733035,SPECIAL DELIVERY DENTAL CARE P C,FEDERAL WAY,WA,98003-5255,E92,E,2023,202312,2024,990,202422489349301727,2024
371559826,FIRST AID ARTS,SEATTLE,WA,98103-1325,F99,F,2019,201912,9/10/2020 8:47:49 PM,990,202041359349303839,2020
371559826,FIRST AID ARTS,SEATTLE,WA,98103-1325,F99,F,2020,202012,9/3/2021 1:01:03 PM,990,202132369349301473,2021
371559826,FIRST AID ARTS,SEATTLE,WA,98103-1325,F99,F,2021,202112,2022,990,202211339349309401,2022
371559826,FIRST AID ARTS,SEATTLE,WA,98103-1325,F99,F,2022,202212,2023,990,202301109349301320,2023
371559826,FIRST AID ARTS,SEATTLE,WA,98103-1325,F99,F,2023,202312,2024,990,202421209349300607,2024
431761588,GOLDEN RETRIEVER FOUNDATION,SAMMAMISH,WA,98029-6596,E62,E,2019,201906,9/4/2020 6:53:09 PM,990,202010279349301456,2020
431761588,GOLDEN RETRIEVER FOUNDATION,SAMMAMISH,WA,98029-6596,E62,E,2020,202006,4/15/2021 7:39:52 AM,990,202110909349300831,2021
431761588,GOLDEN RETRIEVER FOUNDATION,SAMMAMISH,WA,98029-6596,E62,E,2021,202106,2022,990,202230269349301328,2022
431761588,GOLDEN RETRIEVER FOUNDATION,SAMMAMISH,WA,98029-6596,E62,E,2022,202206,2023,990,202310349349300931,2023
431761588,GOLDEN RETRIEVER FOUNDATION,SAMMAMISH,WA,98029-6596,E62,E,2023,202306,2024,990,202410249349300911,2024
450937382,WASHINGTON SCHOOL-BASED HEALTH ALLIANCE,SEATTLE,WA,98144-3704,E01,E,2020,202012,10/26/2022 6:56:49 AM,990,202143199349307569,2021
450937382,WASHINGTON SCHOOL-BASED HEALTH ALLIANCE,SEATTLE,WA,98144-3704,E01,E,2021,202112,2022,990,202213199349313681,2022
450937382,WASHINGTON SCHOOL-BASED HEALTH ALLIANCE,SEATTLE,WA,98144-3704,E01,E,2022,202212,2023,990,202333199349330353,2023
450937382,WASHINGTON SCHOOL-BASED HEALTH ALLIANCE,SEATTLE,WA,98144-3704,E01,E,2023,202312,2024,990,202401369349317070,2024
454171900,WESTERN HEALTHCONNECT,RENTON,WA,98057-3368,E21,E,2021,202112,2022,990,202203199349302345,2022
454171900,WESTERN HEALTHCONNECT,RENTON,WA,98057-3368,E21,E,2022,202212,2023,990,202343179349307279,2023
454171900,WESTERN HEALTHCONNECT,RENTON,WA,98057-3368,E21,E,2023,202312,2024,990,202403189349303025,2024
454917504,THE DIABESITY INSTITUTE,SEATTLE,WA,98199-1287,H99,H,2023,202312,2024,990,202431299349302048,2024
461318242,PRONTO INTERNATIONAL,SEATTLE,WA,98103-6021,E60,E,2020,202012,10/25/2022 8:11:09 PM,990,202133169349307183,2021
461318242,PRONTO INTERNATIONAL,SEATTLE,WA,98103-6021,E60,E,2021,202112,2022,990,202213149349305651,2022
461318242,PRONTO INTERNATIONAL,SEATTLE,WA,98103-6021,E60,E,2022,202209,2023,990,202302269349301930,2023
461318242,PRONTO INTERNATIONAL,SEATTLE,WA,98103-6021,E60,E,2023,202309,2024,990,202402209349300405,2024
461687817,SURVIVE A STROKE FOUNDATION,SEATTLE,WA,98121-2124,G43,G,2021,202112,2022,990,202213069349302921,2022
461687817,SURVIVE A STROKE FOUNDATION,SEATTLE,WA,98121-2124,G43,G,2022,202212,2023,990,202323129349305152,2023
461687817,SURVIVE A STROKE FOUNDATION,SEATTLE,WA,98121-2124,G43,G,2023,202312,2024,990,202401229349301840,2024
462187805,DBT-LINEHAN BOARD OF CERTIFICATION,SEATTLE,WA,98105-6567,F03,F,2021,202112,2022,990,202203059349300130,2022
462187805,DBT-LINEHAN BOARD OF CERTIFICATION,SEATTLE,WA,98105-6567,F03,F,2022,202212,2023,990,202342909349301559,2023
462187805,DBT-LINEHAN BOARD OF CERTIFICATION,SEATTLE,WA,98105-6567,F03,F,2023,202312,2024,990,202441939349300129,2024
462489916,GOODTIMES PROJECT,SEATTLE,WA,98115-8165,E86,E,2020,202009,4/12/2021 4:04:20 PM,990,202140419349301609,2021
462489916,GOODTIMES PROJECT,SEATTLE,WA,98115-8165,E86,E,2021,202109,2022,990,202200469349303270,2022
462489916,GOODTIMES PROJECT,SEATTLE,WA,98115-8165,E86,E,2022,202209,2023,990,202300869349301350,2023
462489916,GOODTIMES PROJECT,SEATTLE,WA,98115-8165,E86,E,2023,202309,2024,990,202400609349300015,2024
463851701,WOMENS ACCESSIBLE MEDICAL SERVICES PS,SEATTLE,WA,98105-1738,E32,E,2020,202012,8/31/2021 11:20:42 AM,990,202102169349300920,2021
463851701,WOMENS ACCESSIBLE MEDICAL SERVICES PS,SEATTLE,WA,98105-1738,E32,E,2021,202112,2022,990,202222699349300857,2022
463851701,WOMENS ACCESSIBLE MEDICAL SERVICES PS,SEATTLE,WA,98105-1738,E32,E,2022,202212,2023,990,202322849349300922,2023
463851701,WOMENS ACCESSIBLE MEDICAL SERVICES PS,SEATTLE,WA,98105-1738,E32,E,2023,202312,2024,990,202422069349301612,2024
464220284,UPOWER,SEATTLE,WA,98122-4478,E70,E,2019,201910,12/14/2020 12:54:55 PM,990,202012499349300001,2020
464220284,UPOWER,SEATTLE,WA,98122-4478,E70,E,2020,202010,8/31/2021 10:09:46 AM,990,202102099349301410,2021
464220284,UPOWER,SEATTLE,WA,98122-4478,E70,E,2021,202110,2022,990,202200559349301210,2022
464220284,UPOWER,SEATTLE,WA,98122-4478,E70,E,2022,202210,2023,990,202340689349300004,2023
464220284,UPOWER,SEATTLE,WA,98122-4478,E70,E,2023,202310,2024,990,202410729349300916,2024
464274413,EMPOWER YOUTH NETWORK,CARNATION,WA,98014-0000,E60,E,2020,202009,8/31/2021 10:37:59 AM,990,202142089349300439,2021
464274413,EMPOWER YOUTH NETWORK,CARNATION,WA,98014-0000,E60,E,2021,202109,2022,990,202240429349301459,2022
464274413,EMPOWER YOUTH NETWORK,CARNATION,WA,98014-0000,E60,E,2021,202112,2022,990,202243469349301014,2022
464274413,EMPOWER YOUTH NETWORK,CARNATION,WA,98014-0000,E60,E,2022,202212,2023,990,202303189349311590,2023
464274413,EMPOWER YOUTH NETWORK,CARNATION,WA,98014-0000,E60,E,2023,202312,2024,990,202432559349301878,2024
465491631,SIGHT FOR SOULS,BELLEVUE,WA,98007-4241,E32,E,2020,202012,5/20/2021 2:38:03 PM,990,202100729349300410,2021
465491631,SIGHT FOR SOULS,BELLEVUE,WA,98007-4241,E32,E,2021,202112,2022,990,202221199349300732,2022
465491631,SIGHT FOR SOULS,BELLEVUE,WA,98007-4241,E32,E,2022,202212,2023,990,202301149349300990,2023
465491631,SIGHT FOR SOULS,BELLEVUE,WA,98007-4241,E32,E,2023,202312,2024,990,202421279349300047,2024
470948895,WASHINGTON HEALTH ALLIANCE,SEATTLE,WA,98101-1313,E02,E,2020,202012,1/5/2022 12:18:34 PM,990,202133029349301723,2021
470948895,WASHINGTON HEALTH ALLIANCE,SEATTLE,WA,98101-1313,E02,E,2021,202112,2022,990,202222769349300647,2022
470948895,WASHINGTON HEALTH ALLIANCE,SEATTLE,WA,98101-1313,E02,E,2022,202212,2023,990,202302649349301125,2023
470948895,WASHINGTON HEALTH ALLIANCE,SEATTLE,WA,98101-1313,E02,E,2023,202312,2024,990,202432549349301443,2024
471779138,BATTLEFIELD ADDICTION,ENUMCLAW,WA,98022-2519,F20,F,2020,202012,1/5/2022 11:36:50 AM,990,202133019349301948,2021
471779138,BATTLEFIELD ADDICTION,ENUMCLAW,WA,98022-2519,F20,F,2021,202112,2024,990,202212569349301761,2024
471779138,BATTLEFIELD ADDICTION,ENUMCLAW,WA,98022-2519,F20,F,2022,202212,2023,990,202342279349304359,2023
471779138,BATTLEFIELD ADDICTION,ENUMCLAW,WA,98022-2519,F20,F,2023,202312,2024,990,202412199349301961,2024
471891722,VALLEY GIRLS AND GUYS,RAVENSDALE,WA,98051-9584,G123,G,2019,201912,12/30/2020 8:30:29 AM,990,202031289349301908,2020
471891722,VALLEY GIRLS AND GUYS,RAVENSDALE,WA,98051-9584,G123,G,2020,202012,5/20/2021 2:29:19 PM,990,202130699349300308,2021
471891722,VALLEY GIRLS AND GUYS,RAVENSDALE,WA,98051-9584,G123,G,2021,202112,2022,990,202231369349315193,2022
471891722,VALLEY GIRLS AND GUYS,RAVENSDALE,WA,98051-9584,G123,G,2023,202312,2024,990,202432289349303393,2024
472231080,ALTIUS INSTITUTE FOR BIOMEDICAL SCIENCES,SEATTLE,WA,98121-3626,H20,H,2020,202012,10/25/2022 7:26:36 PM,990,202123199349324702,2021
472231080,ALTIUS INSTITUTE FOR BIOMEDICAL SCIENCES,SEATTLE,WA,98121-3626,H20,H,2021,202112,2022,990,202213199349314351,2022
472231080,ALTIUS INSTITUTE FOR BIOMEDICAL SCIENCES,SEATTLE,WA,98121-3626,H20,H,2022,202212,2023,990,202313199349318511,2023
472231080,ALTIUS INSTITUTE FOR BIOMEDICAL SCIENCES,SEATTLE,WA,98121-3626,H20,H,2023,202312,2024,990,202402749349301585,2024
472748940,GOUT HYPERURICEMIA AND CRYSTAL-ASSOCIATED DISEASE NETWORK,SEATTLE,WA,98199-3245,E03,E,2019,201912,8/10/2020 5:59:50 AM,990,202001709349300435,2020
472748940,GOUT HYPERURICEMIA AND CRYSTAL-ASSOCIATED DISEASE NETWORK,SEATTLE,WA,98199-3245,E03,E,2020,202012,9/29/2021 6:05:58 AM,990,202132669349300513,2021
472748940,GOUT HYPERURICEMIA AND CRYSTAL-ASSOCIATED DISEASE NETWORK,SEATTLE,WA,98199-3245,E03,E,2021,202112,2022,990,202221239349300832,2022
472748940,GOUT HYPERURICEMIA AND CRYSTAL-ASSOCIATED DISEASE NETWORK,SEATTLE,WA,98199-3245,E03,E,2022,202212,2023,990,202331219349302348,2023
472748940,GOUT HYPERURICEMIA AND CRYSTAL-ASSOCIATED DISEASE NETWORK,SEATTLE,WA,98199-3245,E03,E,2023,202312,2024,990,202421429349301027,2024
473348689,SOUTH SEATTLE WOMENS HEALTH FOUNDATION,SEATTLE,WA,98118-2810,E40,E,2019,201906,4/21/2021 7:53:05 AM,990,202111049349301486,2021
473348689,SOUTH SEATTLE WOMENS HEALTH FOUNDATION,SEATTLE,WA,98118-2810,E40,E,2020,202012,9/3/2021 12:21:51 PM,990,202112299349300101,2021
473378631,IBD HORIZONS,SEATTLE,WA,98107-0000,H70,H,2020,202012,10/26/2022 7:52:01 AM,990,202143199349328004,2021
473378631,IBD HORIZONS,SEATTLE,WA,98107-0000,H70,H,2021,202112,2022,990,202203209349302750,2022
473378631,IBD HORIZONS,SEATTLE,WA,98107-0000,H70,H,2022,202212,2023,990,202333129349305158,2023
473378631,IBD HORIZONS,SEATTLE,WA,98107-0000,H70,H,2023,202312,2024,990,202433199349311353,2024
474156951,ENIGMA ASD SERVICES,SEATTLE,WA,98136-2048,G84,G,2021,202112,2022,990,202223119349302237,2022
474156951,ENIGMA ASD SERVICES,SEATTLE,WA,98136-2048,G84,G,2022,202212,2023,990,202322979349301932,2023
474156951,ENIGMA ASD SERVICES,SEATTLE,WA,98136-2048,G84,G,2023,202312,2024,990,202403179349306480,2024
474792158,OLD FRIENDS CLUB,REDMOND,WA,98052-2401,E70,E,2019,201912,9/5/2020 12:06:18 AM,990,202001959349303250,2020
474792158,OLD FRIENDS CLUB,REDMOND,WA,98052-2401,E70,E,2020,202012,8/31/2021 10:28:37 AM,990,202142079349300924,2021
510216586,PROVIDENCE HEALTH & SERVICES WASHINGTON,RENTON,WA,98057-3368,E210,E,2019,201912,9/29/2021 6:11:55 AM,990,202142649349300139,2021
510216586,PROVIDENCE HEALTH & SERVICES WASHINGTON,RENTON,WA,98057-3368,E210,E,2020,202012,10/26/2022 6:26:12 AM,990,202143179349302754,2021
510216586,PROVIDENCE HEALTH & SERVICES WASHINGTON,RENTON,WA,98057-3368,E210,E,2021,202112,2022,990,202223199349301117,2022
510216586,PROVIDENCE HEALTH & SERVICES WASHINGTON,RENTON,WA,98057-3368,E210,E,2022,202212,2023,990,202343189349302724,2023
510216586,PROVIDENCE HEALTH & SERVICES WASHINGTON,RENTON,WA,98057-3368,E210,E,2023,202312,2024,990,202423189349301612,2024
542147082,MULTI-COMMUNITIES,SEATTLE,WA,98116-4553,F30,F,2022,202212,2025,990,202503129349301315,2025
542147082,MULTI-COMMUNITIES,SEATTLE,WA,98116-4553,F30,F,2023,202312,2025,990,202513129349300541,2025
562290878,PACMED CLINICS,RENTON,WA,98057-3368,E30,E,2019,201912,9/29/2021 6:33:02 AM,990,202112649349300721,2021
562290878,PACMED CLINICS,RENTON,WA,98057-3368,E30,E,2020,202012,10/25/2022 7:38:17 AM,990,202113169349300006,2021
562290878,PACMED CLINICS,RENTON,WA,98057-3368,E30,E,2021,202112,2022,990,202243199349301614,2022
562290878,PACMED CLINICS,RENTON,WA,98057-3368,E30,E,2022,202212,2023,990,202323189349316172,2023
562290878,PACMED CLINICS,RENTON,WA,98057-3368,E30,E,2023,202312,2024,990,202443169349306229,2024
562676328,GLOBAL RESOURCE FOR ADVANCING CANCER EDUCATION,SEATTLE,WA,98105-4183,G30,G,2019,201912,10/14/2020 8:12:54 AM,990,202001009349300715,2020
562676328,GLOBAL RESOURCE FOR ADVANCING CANCER EDUCATION,SEATTLE,WA,98105-4183,G30,G,2020,202012,5/20/2021 2:50:38 PM,990,202130819349300738,2021
562676328,GLOBAL RESOURCE FOR ADVANCING CANCER EDUCATION,SEATTLE,WA,98105-4183,G30,G,2021,202112,2022,990,202200549349300540,2022
562676328,GLOBAL RESOURCE FOR ADVANCING CANCER EDUCATION,SEATTLE,WA,98105-4183,G30,G,2022,202212,2023,990,202332779349300638,2023
562676328,GLOBAL RESOURCE FOR ADVANCING CANCER EDUCATION,SEATTLE,WA,98105-4183,G30,G,2023,202312,2024,990,202430719349300433,2024
571160339,WESLEY HOMES COMMUNITY HEALTH SERVICES,DES MOINES,WA,98198-4507,E92,E,2020,202012,1/6/2022 10:42:22 AM,990,202103149349302405,2021
571160339,WESLEY HOMES COMMUNITY HEALTH SERVICES,DES MOINES,WA,98198-4507,E92,E,2021,202112,2022,990,202203119349301520,2022
571160339,WESLEY HOMES COMMUNITY HEALTH SERVICES,DES MOINES,WA,98198-4507,E92,E,2022,202212,2023,990,202303039349301360,2023
571160339,WESLEY HOMES COMMUNITY HEALTH SERVICES,DES MOINES,WA,98198-4507,E92,E,2023,202312,2024,990,202413189349303101,2024
611502822,SEATTLE SCIENCE FOUNDATION,SEATTLE,WA,98122-5797,H05,H,2020,202012,10/25/2022 1:22:16 PM,990,202123179349302752,2021
611502822,SEATTLE SCIENCE FOUNDATION,SEATTLE,WA,98122-5797,H05,H,2021,202112,2022,990,202243199349301619,2022
611502822,SEATTLE SCIENCE FOUNDATION,SEATTLE,WA,98122-5797,H05,H,2022,202212,2023,990,202323189349301942,2023
611502822,SEATTLE SCIENCE FOUNDATION,SEATTLE,WA,98122-5797,H05,H,2023,202312,2024,990,202423169349304032,2024
680568743,WASHINGTON CENTER FOR NURSING,TUKWILA,WA,98188-2944,E90,E,2020,202012,1/4/2022 9:29:50 AM,990,202102739349300120,2021
680568743,WASHINGTON CENTER FOR NURSING,TUKWILA,WA,98188-2944,E90,E,2021,202112,2022,990,202213199349310976,2022
680568743,WASHINGTON CENTER FOR NURSING,TUKWILA,WA,98188-2944,E90,E,2022,202212,2023,990,202333199349320138,2023
680568743,WASHINGTON CENTER FOR NURSING,TUKWILA,WA,98188-2944,E90,E,2023,202312,2024,990,202423209349314137,2024
752765566,COVENANT HEALTH SYSTEM,RENTON,WA,98057-3368,E210,E,2019,201912,4/5/2021 1:59:59 PM,990,202023189349312782,2020
752765566,COVENANT HEALTH SYSTEM,RENTON,WA,98057-3368,E210,E,2020,202012,10/25/2022 10:11:24 PM,990,202133199349323218,2021
752765566,COVENANT HEALTH SYSTEM,RENTON,WA,98057-3368,E210,E,2021,202112,2022,990,202223159349306537,2022
752765566,COVENANT HEALTH SYSTEM,RENTON,WA,98057-3368,E210,E,2022,202212,2023,990,202323199349306807,2023
752765566,COVENANT HEALTH SYSTEM,RENTON,WA,98057-3368,E210,E,2023,202312,2024,990,202413169349306416,2024
760817781,THE FRIENDS OF YOUTH FOUNDATION,KIRKLAND,WA,98034-2306,F11,F,2020,202006,5/5/2021 7:39:31 AM,990,202141169349300834,2021
760817781,THE FRIENDS OF YOUTH FOUNDATION,KIRKLAND,WA,98034-2306,F11,F,2021,202106,2022,990,202211329349307896,2022
760817781,THE FRIENDS OF YOUTH FOUNDATION,KIRKLAND,WA,98034-2306,F11,F,2022,202206,2022,990,202203199349308635,2022
760817781,THE FRIENDS OF YOUTH FOUNDATION,KIRKLAND,WA,98034-2306,F11,F,2023,202306,2023,990,202313559349300421,2023
811244422,PROVIDENCE ST JOSEPH HEALTH,RENTON,WA,98057-3368,E02,E,2019,201912,9/29/2021 6:46:00 AM,990,202122649349301757,2021
811244422,PROVIDENCE ST JOSEPH HEALTH,RENTON,WA,98057-3368,E02,E,2020,202012,10/25/2022 12:47:13 PM,990,202123169349302122,2021
811244422,PROVIDENCE ST JOSEPH HEALTH,RENTON,WA,98057-3368,E02,E,2021,202112,2024,990,202411839349300811,2024
811244422,PROVIDENCE ST JOSEPH HEALTH,RENTON,WA,98057-3368,E02,E,2022,202212,2023,990,202303199349303415,2023
811244422,PROVIDENCE ST JOSEPH HEALTH,RENTON,WA,98057-3368,E02,E,2023,202312,2024,990,202443189349303569,2024
811717061,SEATTLE MUSICIANS ACCESS TO SUSTAINABLE HEALTHCARE,SEATTLE,WA,98136-1833,E60,E,2020,202012,8/27/2021 12:54:09 PM,990,202131699349300618,2021
811717061,SEATTLE MUSICIANS ACCESS TO SUSTAINABLE HEALTHCARE,SEATTLE,WA,98136-1833,E60,E,2021,202112,2022,990,202232359349301718,2022
811717061,SEATTLE MUSICIANS ACCESS TO SUSTAINABLE HEALTHCARE,SEATTLE,WA,98136-1833,E60,E,2022,202212,2023,990,202303199349301805,2023
811717061,SEATTLE MUSICIANS ACCESS TO SUSTAINABLE HEALTHCARE,SEATTLE,WA,98136-1833,E60,E,2023,202312,2024,990,202433199349314478,2024
814542216,PROVIDENCE SAINT JOHNS MEDICAL FOUNDATION,RENTON,WA,98057-3323,E21,E,2019,201912,1/4/2022 10:38:37 AM,990,202112749349300216,2021
814542216,PROVIDENCE SAINT JOHNS MEDICAL FOUNDATION,RENTON,WA,98057-3323,E21,E,2020,202012,1/6/2022 9:27:09 AM,990,202133159349300503,2021
814542216,PROVIDENCE SAINT JOHNS MEDICAL FOUNDATION,RENTON,WA,98057-3323,E21,E,2021,202112,2022,990,202223149349304002,2022
814542216,PROVIDENCE SAINT JOHNS MEDICAL FOUNDATION,RENTON,WA,98057-3323,E21,E,2022,202212,2023,990,202313159349301871,2023
814542216,PROVIDENCE SAINT JOHNS MEDICAL FOUNDATION,RENTON,WA,98057-3323,E21,E,2023,202312,2024,990,202413189349301641,2024
820574491,GLOBAL PARTNERSHIPS,SEATTLE,WA,98101-2987,F99,F,2019,201906,10/8/2020 6:53:22 AM,990,202001359349303405,2020
820574491,GLOBAL PARTNERSHIPS,SEATTLE,WA,98101-2987,F99,F,2020,202006,5/20/2021 4:07:08 PM,990,202141329349303179,2021
820574491,GLOBAL PARTNERSHIPS,SEATTLE,WA,98101-2987,F99,F,2021,202106,2022,990,202241329349303399,2022
820574491,GLOBAL PARTNERSHIPS,SEATTLE,WA,98101-2987,F99,F,2022,202206,2023,990,202321309349305687,2023
820574491,GLOBAL PARTNERSHIPS,SEATTLE,WA,98101-2987,F99,F,2023,202306,2024,990,202441289349303434,2024
821294494,SOUTH SOUND SWIM AND SAFETY,COVINGTON,WA,98042-9104,E50,E,2020,202012,5/21/2021 8:17:10 AM,990,202111189349301431,2021
821294494,SOUTH SOUND SWIM AND SAFETY,COVINGTON,WA,98042-9104,E50,E,2021,202112,2022,990,202233299349300808,2022
821294494,SOUTH SOUND SWIM AND SAFETY,COVINGTON,WA,98042-9104,E50,E,2022,202212,2023,990,202333199349324768,2023
821294494,SOUTH SOUND SWIM AND SAFETY,COVINGTON,WA,98042-9104,E50,E,2023,202312,2024,990,202402239349300200,2024
830847498,PERIGEE FUND,SEATTLE,WA,98101-3615,F30,F,2020,202012,1/6/2022 8:21:53 AM,990,202123069349302012,2021
830847498,PERIGEE FUND,SEATTLE,WA,98101-3615,F30,F,2021,202112,2022,990,202233069349302213,2022
830847498,PERIGEE FUND,SEATTLE,WA,98101-3615,F30,F,2022,202212,2023,990,202323119349303337,2023
830847498,PERIGEE FUND,SEATTLE,WA,98101-3615,F30,F,2023,202312,2024,990,202433139349302153,2024
831771930,CANCER CACHEXIA SOCIETY INC,ISSAQUAH,WA,98027-9745,H30,H,2023,202312,2024,990,202423039349300507,2024
832302258,WASHINGTON INSTITUTE FOR COAGULATION,SEATTLE,WA,98101-3932,G99,G,2020,202012,10/25/2022 1:25:34 PM,990,202123189349300627,2021
832302258,WASHINGTON INSTITUTE FOR COAGULATION,SEATTLE,WA,98101-3932,G99,G,2021,202112,2022,990,202203199349315545,2022
832302258,WASHINGTON INSTITUTE FOR COAGULATION,SEATTLE,WA,98101-3932,G99,G,2022,202206,2023,990,202311359349309301,2023
832302258,WASHINGTON INSTITUTE FOR COAGULATION,SEATTLE,WA,98101-3932,G99,G,2023,202306,2024,990,202431359349312183,2024
832624014,ANEDEN GIVES,SEATTLE,WA,98199-2826,E01,E,2023,202312,2024,990,202430739349300238,2024
833257403,COLEMANS FAMILY SERVICE,RENTON,WA,98057-3209,F60,F,2021,202112,2022,990,202222209349302107,2022
833257403,COLEMANS FAMILY SERVICE,RENTON,WA,98057-3209,F60,F,2022,202212,2023,990,202341259349301849,2023
833257403,COLEMANS FAMILY SERVICE,RENTON,WA,98057-3209,F60,F,2023,202312,2024,990,202412269349301691,2024
833940028,HEALTH COMMONS PROJECT,SAMMAMISH,WA,98029-5812,E19,E,2020,202012,5/21/2021 7:08:01 AM,990,202120899349301407,2021
833940028,HEALTH COMMONS PROJECT,SAMMAMISH,WA,98029-5812,E19,E,2021,202112,2022,990,202231269349302493,2022
833940028,HEALTH COMMONS PROJECT,SAMMAMISH,WA,98029-5812,E19,E,2022,202212,2023,990,202321289349303377,2023
833940028,HEALTH COMMONS PROJECT,SAMMAMISH,WA,98029-5812,E19,E,2023,202312,2024,990,202411299349303661,2024
833972614,TARZANA MEDICAL CENTER LLC,RENTON,WA,98057-3368,E20,E,2020,202012,10/25/2022 11:29:44 AM,990,202113199349323441,2021
833972614,TARZANA MEDICAL CENTER LLC,RENTON,WA,98057-3368,E20,E,2021,202112,2022,990,202233159349305623,2022
833972614,TARZANA MEDICAL CENTER LLC,RENTON,WA,98057-3368,E20,E,2022,202212,2023,990,202343189349307784,2023
833972614,TARZANA MEDICAL CENTER LLC,RENTON,WA,98057-3368,E20,E,2023,202312,2024,990,202443179349304379,2024
841954739,CUSH IT TO THE LIMIT,SAMMAMISH,WA,98074-7222,H30,H,2020,202012,10/25/2022 9:00:07 AM,990,202113199349318431,2021
841954739,CUSH IT TO THE LIMIT,SAMMAMISH,WA,98074-7222,H30,H,2022,202212,2024,990,202400719349300100,2024
841954739,CUSH IT TO THE LIMIT,SAMMAMISH,WA,98074-7222,H30,H,2023,202312,2024,990,202413189349305816,2024
844258998,RESIDENCE XII FOUNDATION,WOODINVILLE,WA,98072-9009,F12,F,2020,202012,1/4/2022 10:53:37 AM,990,202112789349300536,2021
844258998,RESIDENCE XII FOUNDATION,WOODINVILLE,WA,98072-9009,F12,F,2021,202112,2022,990,202211759349300906,2022
844258998,RESIDENCE XII FOUNDATION,WOODINVILLE,WA,98072-9009,F12,F,2022,202212,2023,990,202321219349302952,2023
844258998,RESIDENCE XII FOUNDATION,WOODINVILLE,WA,98072-9009,F12,F,2023,202312,2024,990,202401209349301340,2024
851543325,TUBMAN CENTER FOR HEALTH & FREEDOM,SEATTLE,WA,98118-0612,E86,E,2021,202112,2022,990,202212009349300526,2022
851543325,TUBMAN CENTER FOR HEALTH & FREEDOM,SEATTLE,WA,98118-0612,E86,E,2022,202212,2023,990,202313199349330521,2023
851543325,TUBMAN CENTER FOR HEALTH & FREEDOM,SEATTLE,WA,98118-0612,E86,E,2023,202312,2024,990,202402499349300740,2024
852607648,WA THERAPY FUND FOUNDATION,SEATTLE,WA,98108-1874,F12,F,2021,202112,2022,990,202223199349325527,2022
852607648,WA THERAPY FUND FOUNDATION,SEATTLE,WA,98108-1874,F12,F,2022,202212,2023,990,202343179349309984,2023
852607648,WA THERAPY FUND FOUNDATION,SEATTLE,WA,98108-1874,F12,F,2023,202312,2024,990,202413209349307576,2024
852820252,PROJECT BE FREE A NONPROFIT CORPORATION,RENTON,WA,98057-2786,F99,F,2023,202312,2024,990,202423199349301582,2024
852861558,NEIGHBORCARE HEALTH FOUNDATION,SEATTLE,WA,98144-2712,E12,E,2021,202112,2022,990,202201529349300435,2022
852861558,NEIGHBORCARE HEALTH FOUNDATION,SEATTLE,WA,98144-2712,E12,E,2022,202212,2023,990,202331359349304783,2023
852861558,NEIGHBORCARE HEALTH FOUNDATION,SEATTLE,WA,98144-2712,E12,E,2023,202312,2024,990,202401359349310835,2024
852900369,PACIFIC NORTHWEST ALTERNATIVE PEER GROUPS,SEATTLE,WA,98103-5234,F20,F,2023,202312,2024,990,202413199349319006,2024
853276491,KIDS AND PAPER,SEATTLE,WA,98107-5138,E60,E,2022,202212,2023,990,202311359349305316,2023
853276491,KIDS AND PAPER,SEATTLE,WA,98107-5138,E60,E,2023,202312,2024,990,202420899349301472,2024
853776266,ALZHEIMERS DISEASE DATA INITIATIVE INC,KIRKLAND,WA,98033-7463,G83,G,2021,202112,2022,990,202233199349327893,2022
853776266,ALZHEIMERS DISEASE DATA INITIATIVE INC,KIRKLAND,WA,98033-7463,G83,G,2022,202212,2023,990,202303189349305890,2023
853776266,ALZHEIMERS DISEASE DATA INITIATIVE INC,KIRKLAND,WA,98033-7463,G83,G,2023,202312,2024,990,202443209349302569,2024
853842916,LIGHT COLLECTIVE,SHORELINE,WA,98155-0423,E86,E,2021,202112,2022,990,202221309349303822,2022
853842916,LIGHT COLLECTIVE,SHORELINE,WA,98155-0423,E86,E,2023,202312,2024,990,202433039349302408,2024
861108537,FRIENDS OF FSH RESEARCH,KIRKLAND,WA,98033-4903,H11,H,2019,201902,9/20/2019 7:55:30 AM,990,201941969349302514,2019
861108537,FRIENDS OF FSH RESEARCH,KIRKLAND,WA,98033-4903,H11,H,2020,202002,9/29/2020 11:47:01 AM,990,202001969349305120,2020
861108537,FRIENDS OF FSH RESEARCH,KIRKLAND,WA,98033-4903,H11,H,2021,202105,2022,990,202212289349301541,2022
861108537,FRIENDS OF FSH RESEARCH,KIRKLAND,WA,98033-4903,H11,H,2022,202205,2022,990,202232789349301728,2022
861108537,FRIENDS OF FSH RESEARCH,KIRKLAND,WA,98033-4903,H11,H,2023,202305,2023,990,202312499349301956,2023
870840183,NEAR VISION INSTITUTE,BELLEVUE,WA,98007-7114,G41,G,2022,202212,2023,990,202330909349300103,2023
870840183,NEAR VISION INSTITUTE,BELLEVUE,WA,98007-7114,G41,G,2023,202312,2024,990,202411349349300611,2024
872732969,PHENOME HEALTH,SEATTLE,WA,98121-2313,H05,H,2022,202212,2023,990,202343179349309989,2023
872732969,PHENOME HEALTH,SEATTLE,WA,98121-2313,H05,H,2023,202312,2024,990,202423139349303842,2024
874043211,HEALTHPOINT CARES,RENTON,WA,98057-2908,E12,E,2021,202112,2022,990,202233149349307703,2022
882650661,CONTEMPORARY PSYCHODYNAMIC INSTITUTE,SEATTLE,WA,98112-4260,F03,F,2023,202306,2024,990,202411359349303096,2024
910282054,KING COUNTY NURSES ASSOCIATION INC,SEATTLE,WA,98103-6986,E039,E,2019,201906,1/17/2020 7:44:43 AM,990,201903099349302425,2020
910282054,KING COUNTY NURSES ASSOCIATION INC,SEATTLE,WA,98103-6986,E039,E,2021,202106,1/6/2022 10:50:01 AM,990,202103149349305040,2021
910282054,KING COUNTY NURSES ASSOCIATION INC,SEATTLE,WA,98103-6986,E039,E,2022,202206,2022,990,202213149349301241,2022
910282054,KING COUNTY NURSES ASSOCIATION INC,SEATTLE,WA,98103-6986,E039,E,2023,202306,2023,990,202333119349304113,2023
910433740,SWEDISH HEALTH SERVICES,RENTON,WA,98057-3368,E220,E,2019,201912,9/29/2021 6:13:19 AM,990,202142649349301804,2021
910433740,SWEDISH HEALTH SERVICES,RENTON,WA,98057-3368,E220,E,2020,202012,10/24/2022 8:38:12 PM,990,202103189349300910,2021
910433740,SWEDISH HEALTH SERVICES,RENTON,WA,98057-3368,E220,E,2021,202112,2022,990,202233199349302028,2022
910433740,SWEDISH HEALTH SERVICES,RENTON,WA,98057-3368,E220,E,2022,202212,2023,990,202313189349311626,2023
910433740,SWEDISH HEALTH SERVICES,RENTON,WA,98057-3368,E220,E,2023,202312,2024,990,202413179349305511,2024
910511770,KAISER FOUNDATION HEALTH PLAN OF WASHINGTON,RENTON,WA,98057-2435,E20,E,2020,202012,10/26/2022 10:54:24 AM,990,202143199349302884,2021
910511770,KAISER FOUNDATION HEALTH PLAN OF WASHINGTON,RENTON,WA,98057-2435,E20,E,2021,202112,2022,990,202223199349310072,2022
910511770,KAISER FOUNDATION HEALTH PLAN OF WASHINGTON,RENTON,WA,98057-2435,E20,E,2022,202212,2023,990,202323199349301802,2023
910511770,KAISER FOUNDATION HEALTH PLAN OF WASHINGTON,RENTON,WA,98057-2435,E20,E,2023,202312,2024,990,202433209349305138,2024
910565539,VIRGINIA MASON MEDICAL CENTER,SEATTLE,WA,98101-2756,E220,E,2020,202012,1/13/2022 8:56:17 AM,990,202103449349301565,2021
910565539,VIRGINIA MASON MEDICAL CENTER,SEATTLE,WA,98101-2756,E220,E,2021,202106,2022,990,202201369349318260,2022
910565539,VIRGINIA MASON MEDICAL CENTER,SEATTLE,WA,98101-2756,E220,E,2022,202206,2023,990,202311359349314741,2023
910565539,VIRGINIA MASON MEDICAL CENTER,SEATTLE,WA,98101-2756,E220,E,2023,202306,2024,990,202441319349302314,2024
910570840,COLUMBIA LUTHERAN MINISTRIES,SEATTLE,WA,98103-6374,E91Z,E,2020,202012,1/6/2022 9:43:32 AM,990,202133159349307633,2021
910570840,COLUMBIA LUTHERAN MINISTRIES,SEATTLE,WA,98103-6374,E91Z,E,2021,202112,2022,990,202233059349300833,2022
910570840,COLUMBIA LUTHERAN MINISTRIES,SEATTLE,WA,98103-6374,E91Z,E,2022,202212,2023,990,202342279349303979,2023
910570840,COLUMBIA LUTHERAN MINISTRIES,SEATTLE,WA,98103-6374,E91Z,E,2023,202312,2024,990,202402779349301430,2024
910575956,EASTER SEALS WASHINGTON,SEATTLE,WA,98119-3995,E50Z,E,2019,201912,10/21/2020 12:15:06 PM,990,202011899349302151,2020
910575956,EASTER SEALS WASHINGTON,SEATTLE,WA,98119-3995,E50Z,E,2020,202012,8/26/2021 3:06:31 PM,990,202131679349301563,2021
910575956,EASTER SEALS WASHINGTON,SEATTLE,WA,98119-3995,E50Z,E,2021,202112,2022,990,202242009349301109,2022
910575956,EASTER SEALS WASHINGTON,SEATTLE,WA,98119-3995,E50Z,E,2022,202212,2023,990,202311609349300896,2023
910575956,EASTER SEALS WASHINGTON,SEATTLE,WA,98119-3995,E50Z,E,2023,202312,2024,990,202401349349304260,2024
910593488,PROVAIL,SEATTLE,WA,98133-8036,G200,G,2020,202006,5/26/2021 10:33:12 AM,990,202121379349311822,2021
910593488,PROVAIL,SEATTLE,WA,98133-8036,G200,G,2021,202106,2022,990,202211379349301101,2022
910593488,PROVAIL,SEATTLE,WA,98133-8036,G200,G,2022,202206,2024,990,202401069349301645,2024
910593488,PROVAIL,SEATTLE,WA,98133-8036,G200,G,2023,202306,2024,990,202421369349307532,2024
910652651,OVERLAKE MEDICAL CENTER & CLINICS,BELLEVUE,WA,98004-4604,E220,E,2020,202006,5/20/2021 3:14:10 PM,990,202121329349302612,2021
910652651,OVERLAKE MEDICAL CENTER & CLINICS,BELLEVUE,WA,98004-4604,E220,E,2021,202106,2022,990,202211309349305211,2022
910652651,OVERLAKE MEDICAL CENTER & CLINICS,BELLEVUE,WA,98004-4604,E220,E,2022,202206,2023,990,202341329349307629,2023
910652651,OVERLAKE MEDICAL CENTER & CLINICS,BELLEVUE,WA,98004-4604,E220,E,2023,202306,2024,990,202401319349303615,2024
910653422,BENAROYA RESEARCH INSTITUTE AT VIRGINIA MASON,SEATTLE,WA,98101-2795,H920,H,2020,202012,10/26/2022 8:09:52 AM,990,202143219349301719,2021
910653422,BENAROYA RESEARCH INSTITUTE AT VIRGINIA MASON,SEATTLE,WA,98101-2795,H920,H,2021,202106,2022,990,202231369349317843,2022
910653422,BENAROYA RESEARCH INSTITUTE AT VIRGINIA MASON,SEATTLE,WA,98101-2795,H920,H,2022,202206,2023,990,202311359349309426,2023
910653422,BENAROYA RESEARCH INSTITUTE AT VIRGINIA MASON,SEATTLE,WA,98101-2795,H920,H,2023,202306,2024,990,202431319349302668,2024
910655392,KADLEC REGIONAL MEDICAL CENTER,RENTON,WA,98057-3368,E220,E,2019,201912,9/29/2021 6:11:57 AM,990,202142649349300719,2021
910655392,KADLEC REGIONAL MEDICAL CENTER,RENTON,WA,98057-3368,E220,E,2020,202012,10/24/2022 8:34:47 PM,990,202103179349301825,2021
910655392,KADLEC REGIONAL MEDICAL CENTER,RENTON,WA,98057-3368,E220,E,2021,202112,2022,990,202233199349303418,2022
910655392,KADLEC REGIONAL MEDICAL CENTER,RENTON,WA,98057-3368,E220,E,2022,202212,2023,990,202333189349308883,2023
910655392,KADLEC REGIONAL MEDICAL CENTER,RENTON,WA,98057-3368,E220,E,2023,202312,2024,990,202403169349306310,2024
910667886,PACIFIC NORTHWEST RESEARCH INSTITUTE,SEATTLE,WA,98122-4302,H99Z,H,2019,201909,10/8/2020 2:17:50 AM,990,202022309349303032,2020
910667886,PACIFIC NORTHWEST RESEARCH INSTITUTE,SEATTLE,WA,98122-4302,H99Z,H,2020,202009,9/3/2021 12:20:47 PM,990,202142289349303624,2021
910667886,PACIFIC NORTHWEST RESEARCH INSTITUTE,SEATTLE,WA,98122-4302,H99Z,H,2021,202109,2022,990,202242729349301334,2022
910667886,PACIFIC NORTHWEST RESEARCH INSTITUTE,SEATTLE,WA,98122-4302,H99Z,H,2022,202209,2024,990,202442929349301604,2024
910667886,PACIFIC NORTHWEST RESEARCH INSTITUTE,SEATTLE,WA,98122-4302,H99Z,H,2023,202309,2024,990,202432929349301238,2024
910672501,FRIENDS OF YOUTH,KIRKLAND,WA,98034-2306,F33Z,F,2020,202006,4/27/2021 7:54:02 AM,990,202111129349301046,2021
910672501,FRIENDS OF YOUTH,KIRKLAND,WA,98034-2306,F33Z,F,2021,202106,2022,990,202201329349307895,2022
910672501,FRIENDS OF YOUTH,KIRKLAND,WA,98034-2306,F33Z,F,2022,202206,2022,990,202203199349308955,2022
910672501,FRIENDS OF YOUTH,KIRKLAND,WA,98034-2306,F33Z,F,2023,202306,2023,990,202323559349300432,2023
910681207,HEARING SPEECH & DEAFNESS CENTER,SEATTLE,WA,98122-2848,E56Z,E,2019,201906,10/2/2020 4:38:59 PM,990,202030589349300218,2020
910681207,HEARING SPEECH & DEAFNESS CENTER,SEATTLE,WA,98122-2848,E56Z,E,2020,202006,5/26/2021 10:19:45 AM,990,202121379349307827,2021
910681207,HEARING SPEECH & DEAFNESS CENTER,SEATTLE,WA,98122-2848,E56Z,E,2021,202106,2022,990,202231299349302793,2022
910681207,HEARING SPEECH & DEAFNESS CENTER,SEATTLE,WA,98122-2848,E56Z,E,2022,202206,2023,990,202301459349300625,2023
910681207,HEARING SPEECH & DEAFNESS CENTER,SEATTLE,WA,98122-2848,E56Z,E,2023,202306,2024,990,202401369349318710,2024
910686012,PLANNED PARENTHOOD GREAT NORTHWEST HAWAII ALASKA INDIANA & KY INC,SEATTLE,WA,98122-2959,E420,E,2020,202012,10/25/2022 7:36:26 PM,990,202123199349329707,2021
910686012,PLANNED PARENTHOOD GREAT NORTHWEST HAWAII ALASKA INDIANA & KY INC,SEATTLE,WA,98122-2959,E420,E,2021,202112,2022,990,202233199349320043,2022
910686012,PLANNED PARENTHOOD GREAT NORTHWEST HAWAII ALASKA INDIANA & KY INC,SEATTLE,WA,98122-2959,E420,E,2022,202212,2025,990,202523039349301857,2025
910686012,PLANNED PARENTHOOD GREAT NORTHWEST HAWAII ALASKA INDIANA & KY INC,SEATTLE,WA,98122-2959,E420,E,2023,202312,2025,990,202513039349301871,2025
910773187,CRISIS CONNECTIONS,SEATTLE,WA,98121-1037,F400,F,2020,202012,1/5/2022 11:02:42 AM,990,202112999349302116,2021
910773187,CRISIS CONNECTIONS,SEATTLE,WA,98121-1037,F400,F,2021,202112,2022,990,202222039349300547,2022
910773187,CRISIS CONNECTIONS,SEATTLE,WA,98121-1037,F400,F,2022,202212,2023,990,202301669349302310,2023
910773187,CRISIS CONNECTIONS,SEATTLE,WA,98121-1037,F400,F,2023,202312,2024,990,202401779349301300,2024
910848698,NAVOS,SEATTLE,WA,98146-0420,F32,F,2020,202012,1/4/2022 11:00:59 AM,990,202132809349301713,2021
910848698,NAVOS,SEATTLE,WA,98146-0420,F32,F,2021,202112,2022,990,202242789349301804,2022
910848698,NAVOS,SEATTLE,WA,98146-0420,F32,F,2022,202212,2023,990,202323069349301997,2023
910848698,NAVOS,SEATTLE,WA,98146-0420,F32,F,2023,202312,2024,990,202442909349301594,2024
910849093,YOUTH EASTSIDE SERVICES,BELLEVUE,WA,98008-3518,F40Z,F,2020,202012,9/29/2021 6:49:03 AM,990,202122659349301322,2021
910849093,YOUTH EASTSIDE SERVICES,BELLEVUE,WA,98008-3518,F40Z,F,2021,202112,2022,990,202233159349305068,2022
910849093,YOUTH EASTSIDE SERVICES,BELLEVUE,WA,98008-3518,F40Z,F,2022,202212,2023,990,202342929349301289,2023
910849093,YOUTH EASTSIDE SERVICES,BELLEVUE,WA,98008-3518,F40Z,F,2023,202312,2024,990,202403189349307055,2024
910856575,SUNRISE HAVEN,KENT,WA,98030-4846,E91Z,E,2019,201909,10/8/2020 10:42:57 PM,990,202042289349300809,2020
910856575,SUNRISE HAVEN,KENT,WA,98030-4846,E91Z,E,2020,202009,8/27/2021 12:44:17 PM,990,202111659349301356,2021
910856575,SUNRISE HAVEN,KENT,WA,98030-4846,E91Z,E,2021,202109,2022,990,202232279349303428,2022
910856575,SUNRISE HAVEN,KENT,WA,98030-4846,E91Z,E,2022,202209,2023,990,202342269349302744,2023
910856575,SUNRISE HAVEN,KENT,WA,98030-4846,E91Z,E,2023,202309,2024,990,202412279349300826,2024
910869056,SEATTLE INDIAN HEALTH BOARD,SEATTLE,WA,98144-2007,E320,E,2019,201909,8/26/2020 1:03:03 AM,990,202022029349300672,2020
910869056,SEATTLE INDIAN HEALTH BOARD,SEATTLE,WA,98144-2007,E320,E,2020,202009,8/31/2021 1:18:02 PM,990,202122249349302147,2021
910869056,SEATTLE INDIAN HEALTH BOARD,SEATTLE,WA,98144-2007,E320,E,2021,202109,2022,990,202232279349302708,2022
910869056,SEATTLE INDIAN HEALTH BOARD,SEATTLE,WA,98144-2007,E320,E,2022,202209,2023,990,202322199349301802,2023
910869056,SEATTLE INDIAN HEALTH BOARD,SEATTLE,WA,98144-2007,E320,E,2023,202309,2024,990,202412159349301701,2024
910882971,THERAPEUTIC HEALTH SERVICES,SEATTLE,WA,98101-2831,F22,F,2020,202012,10/25/2022 7:19:51 AM,990,202103199349329200,2021
910882971,THERAPEUTIC HEALTH SERVICES,SEATTLE,WA,98101-2831,F22,F,2021,202112,2022,990,202213199349327941,2022
910882971,THERAPEUTIC HEALTH SERVICES,SEATTLE,WA,98101-2831,F22,F,2022,202212,2023,990,202323199349317482,2023
910882971,THERAPEUTIC HEALTH SERVICES,SEATTLE,WA,98101-2831,F22,F,2023,202312,2024,990,202413239349300026,2024
910884412,HEALTHPOINT,RENTON,WA,98057-2908,E32Z,E,2020,202012,1/7/2022 7:29:40 AM,990,202143159349303979,2021
910884412,HEALTHPOINT,RENTON,WA,98057-2908,E32Z,E,2021,202112,2022,990,202223149349307607,2022
910884412,HEALTHPOINT,RENTON,WA,98057-2908,E32Z,E,2022,202212,2023,990,202333199349320903,2023
910884412,HEALTHPOINT,RENTON,WA,98057-2908,E32Z,E,2023,202312,2024,990,202443209349310044,2024
910888557,RE-EVALUATION FOUNDATION,SHORELINE,WA,98133-3925,F300,F,2020,202012,10/26/2022 7:56:58 AM,990,202143199349330959,2021
910888557,RE-EVALUATION FOUNDATION,SHORELINE,WA,98133-3925,F300,F,2021,202112,2022,990,202213209349301331,2022
910888557,RE-EVALUATION FOUNDATION,SHORELINE,WA,98133-3925,F300,F,2022,202212,2024,990,202440179349301124,2024
910888557,RE-EVALUATION FOUNDATION,SHORELINE,WA,98133-3925,F300,F,2023,202312,2024,990,202403199349313635,2024
910893287,NEIGHBORCARE HEALTH,SEATTLE,WA,98144-2712,E30Z,E,2020,202012,5/26/2021 12:08:04 PM,990,202131369349302173,2021
910893287,NEIGHBORCARE HEALTH,SEATTLE,WA,98144-2712,E30Z,E,2021,202112,2022,990,202221449349300432,2022
910893287,NEIGHBORCARE HEALTH,SEATTLE,WA,98144-2712,E30Z,E,2022,202212,2023,990,202341359349312039,2023
910893287,NEIGHBORCARE HEALTH,SEATTLE,WA,98144-2712,E30Z,E,2023,202312,2024,990,202421289349301232,2024
910903529,EVERGREEN TREATMENT SERVICES,SEATTLE,WA,98134-1618,F21Z,F,2019,201906,11/13/2020 9:14:15 PM,990,202041369349302549,2020
910903529,EVERGREEN TREATMENT SERVICES,SEATTLE,WA,98134-1618,F21Z,F,2020,202006,5/26/2021 9:47:14 AM,990,202141359349301584,2021
910903529,EVERGREEN TREATMENT SERVICES,SEATTLE,WA,98134-1618,F21Z,F,2021,202106,2022,990,202231169349301223,2022
910903529,EVERGREEN TREATMENT SERVICES,SEATTLE,WA,98134-1618,F21Z,F,2021,202112,2022,990,202201829349300740,2022
910903529,EVERGREEN TREATMENT SERVICES,SEATTLE,WA,98134-1618,F21Z,F,2022,202212,2023,990,202332989349300108,2023
910903529,EVERGREEN TREATMENT SERVICES,SEATTLE,WA,98134-1618,F21Z,F,2023,202312,2024,990,202412699349300121,2024
910950710,CAROLINE KLINE GALLAND HOME,SEATTLE,WA,98118-4247,E91Z,E,2020,202012,1/6/2022 7:17:13 AM,990,202143069349302494,2021
910950710,CAROLINE KLINE GALLAND HOME,SEATTLE,WA,98118-4247,E91Z,E,2021,202112,2022,990,202232979349301203,2022
910950710,CAROLINE KLINE GALLAND HOME,SEATTLE,WA,98118-4247,E91Z,E,2022,202212,2023,990,202333049349302003,2023
910950710,CAROLINE KLINE GALLAND HOME,SEATTLE,WA,98118-4247,E91Z,E,2023,202312,2024,990,202413119349303956,2024
910953834,WASHINGTON ACADEMY OF GENERAL DENTISTRY,SEATAC,WA,98188-5366,E19,E,2020,202009,4/14/2021 8:22:27 AM,990,202120769349301287,2021
910953834,WASHINGTON ACADEMY OF GENERAL DENTISTRY,SEATAC,WA,98188-5366,E19,E,2021,202109,2022,990,202240599349300709,2022
910953834,WASHINGTON ACADEMY OF GENERAL DENTISTRY,SEATAC,WA,98188-5366,E19,E,2022,202209,2023,990,202340759349301519,2023
910953834,WASHINGTON ACADEMY OF GENERAL DENTISTRY,SEATAC,WA,98188-5366,E19,E,2023,202309,2024,990,202413489349300626,2024
910967836,TRANSITIONAL RESOURCES,SEATTLE,WA,98126-2551,F34Z,F,2019,201912,9/23/2020 12:29:28 AM,990,202042249349300339,2020
910967836,TRANSITIONAL RESOURCES,SEATTLE,WA,98126-2551,F34Z,F,2020,202012,10/25/2022 9:27:55 PM,990,202133199349317263,2021
910967836,TRANSITIONAL RESOURCES,SEATTLE,WA,98126-2551,F34Z,F,2021,202112,2022,990,202242599349300729,2022
910967836,TRANSITIONAL RESOURCES,SEATTLE,WA,98126-2551,F34Z,F,2022,202212,2023,990,202323129349303012,2023
910967836,TRANSITIONAL RESOURCES,SEATTLE,WA,98126-2551,F34Z,F,2023,202312,2024,990,202433179349303293,2024
910983214,SWEDISH MEDICAL CENTER FOUNDATION,SEATTLE,WA,98122-4379,E120,E,2020,202012,1/7/2022 10:02:05 AM,990,202123159349308807,2021
910983214,SWEDISH MEDICAL CENTER FOUNDATION,SEATTLE,WA,98122-4379,E120,E,2021,202112,2022,990,202243149349302384,2022
910983214,SWEDISH MEDICAL CENTER FOUNDATION,SEATTLE,WA,98122-4379,E120,E,2022,202212,2023,990,202313189349318546,2023
910983214,SWEDISH MEDICAL CENTER FOUNDATION,SEATTLE,WA,98122-4379,E120,E,2023,202312,2025,990,202530369349300318,2025
910996629,WASHINGTON STATE PHARMACEUTICAL FOUNDATION,RENTON,WA,98057-2748,E66D,E,2020,202012,9/3/2021 11:17:33 AM,990,202122309349300312,2021
910996629,WASHINGTON STATE PHARMACEUTICAL FOUNDATION,RENTON,WA,98057-2748,E66D,E,2021,202112,2022,990,202233199349324468,2022
910996629,WASHINGTON STATE PHARMACEUTICAL FOUNDATION,RENTON,WA,98057-2748,E66D,E,2022,202212,2023,990,202313199349325476,2023
910996629,WASHINGTON STATE PHARMACEUTICAL FOUNDATION,RENTON,WA,98057-2748,E66D,E,2023,202312,2024,990,202413189349300246,2024
911016402,WASHINGTON CHAPTER-AMERICAN ACADEMY OF PEDIATRICS,SEATTLE,WA,98105-4183,E03,E,2020,202012,5/24/2021 8:10:33 AM,990,202131319349303128,2021
911016402,WASHINGTON CHAPTER-AMERICAN ACADEMY OF PEDIATRICS,SEATTLE,WA,98105-4183,E03,E,2021,202112,2022,990,202213199349324026,2022
911016402,WASHINGTON CHAPTER-AMERICAN ACADEMY OF PEDIATRICS,SEATTLE,WA,98105-4183,E03,E,2022,202212,2023,990,202343179349311874,2023
911016402,WASHINGTON CHAPTER-AMERICAN ACADEMY OF PEDIATRICS,SEATTLE,WA,98105-4183,E03,E,2023,202312,2024,990,202433199349315913,2024
911019655,BLOODWORKS,SEATTLE,WA,98104-1239,E610,E,2020,202006,5/11/2021 6:11:08 PM,990,202131249349301803,2021
911019655,BLOODWORKS,SEATTLE,WA,98104-1239,E610,E,2021,202106,2022,990,202211299349302221,2022
911019655,BLOODWORKS,SEATTLE,WA,98104-1239,E610,E,2022,202206,2023,990,202301309349301105,2023
911019655,BLOODWORKS,SEATTLE,WA,98104-1239,E610,E,2023,202306,2024,990,202401249349301645,2024
911020139,SEA MAR COMMUNITY HEALTH CENTERS,SEATTLE,WA,98108-4720,E32Z,E,2019,201903,11/13/2020 12:02:22 AM,990,202040499349300939,2020
911020139,SEA MAR COMMUNITY HEALTH CENTERS,SEATTLE,WA,98108-4720,E32Z,E,2020,202003,4/12/2021 5:05:50 PM,990,202100479349301900,2021
911020139,SEA MAR COMMUNITY HEALTH CENTERS,SEATTLE,WA,98108-4720,E32Z,E,2021,202103,2022,990,202210479349300001,2022
911020139,SEA MAR COMMUNITY HEALTH CENTERS,SEATTLE,WA,98108-4720,E32Z,E,2022,202203,2023,990,202320469349301937,2023
911020139,SEA MAR COMMUNITY HEALTH CENTERS,SEATTLE,WA,98108-4720,E32Z,E,2023,202303,2024,990,202410469349301796,2024
911021247,CONSEJO COUNSELING AND REFERRAL SERVICE,RENTON,WA,98057-5223,F60L,F,2020,202012,1/5/2022 11:52:31 AM,990,202113019349302281,2021
911021247,CONSEJO COUNSELING AND REFERRAL SERVICE,RENTON,WA,98057-5223,F60L,F,2021,202112,2022,990,202202979349300530,2022
911021247,CONSEJO COUNSELING AND REFERRAL SERVICE,RENTON,WA,98057-5223,F60L,F,2022,202212,2023,990,202323039349301897,2023
911021247,CONSEJO COUNSELING AND REFERRAL SERVICE,RENTON,WA,98057-5223,F60L,F,2023,202312,2024,990,202442829349301974,2024
911025994,VASHON YOUTH AND FAMILY SERVICES,VASHON,WA,98070-6026,F60Z,F,2019,201912,9/23/2020 12:29:28 AM,990,202042249349300449,2020
911025994,VASHON YOUTH AND FAMILY SERVICES,VASHON,WA,98070-6026,F60Z,F,2020,202012,8/31/2021 1:23:58 PM,990,202112219349302126,2021
911025994,VASHON YOUTH AND FAMILY SERVICES,VASHON,WA,98070-6026,F60Z,F,2021,202112,2022,990,202231839349300303,2022
911025994,VASHON YOUTH AND FAMILY SERVICES,VASHON,WA,98070-6026,F60Z,F,2022,202212,2023,990,202341329349307284,2023
911025994,VASHON YOUTH AND FAMILY SERVICES,VASHON,WA,98070-6026,F60Z,F,2023,202312,2024,990,202442429349301569,2024
911025997,SECRET HARBOR,BELLEVUE,WA,98005-1756,F33Z,F,2019,201912,10/8/2020 5:09:22 PM,990,202022129349301402,2020
911025997,SECRET HARBOR,BELLEVUE,WA,98005-1756,F33Z,F,2020,202012,1/4/2022 8:45:47 AM,990,202122559349300802,2021
911025997,SECRET HARBOR,BELLEVUE,WA,98005-1756,F33Z,F,2021,202112,2022,990,202212429349302016,2022
911025997,SECRET HARBOR,BELLEVUE,WA,98005-1756,F33Z,F,2022,202212,2023,990,202322969349301392,2023
911025997,SECRET HARBOR,BELLEVUE,WA,98005-1756,F33Z,F,2023,202312,2024,990,202403209349314145,2024
911036750,SOUTHEAST YOUTH AND FAMILY SERVICES,SEATTLE,WA,98118-1920,F600,F,2020,202012,10/25/2022 10:15:24 PM,990,202133199349330328,2021
911036750,SOUTHEAST YOUTH AND FAMILY SERVICES,SEATTLE,WA,98118-1920,F600,F,2021,202112,2023,990,202341639349301589,2023
911036750,SOUTHEAST YOUTH AND FAMILY SERVICES,SEATTLE,WA,98118-1920,F600,F,2022,202212,2023,990,202343189349317904,2023
911036750,SOUTHEAST YOUTH AND FAMILY SERVICES,SEATTLE,WA,98118-1920,F600,F,2023,202312,2024,990,202443199349314114,2024
911043712,NAMI SEATTLE,SEATTLE,WA,98117-5135,F00G,F,2020,202012,1/7/2022 7:50:01 AM,990,202113109349300011,2021
911043712,NAMI SEATTLE,SEATTLE,WA,98117-5135,F00G,F,2021,202112,2023,990,202340109349300459,2023
911043712,NAMI SEATTLE,SEATTLE,WA,98117-5135,F00G,F,2022,202212,2023,990,202303059349302265,2023
911043712,NAMI SEATTLE,SEATTLE,WA,98117-5135,F00G,F,2023,202312,2024,990,202443199349317419,2024
911050325,OVERLAKE HOSPITAL FOUNDATION,BELLEVUE,WA,98004-4604,E110,E,2019,201906,9/17/2020 6:50:25 AM,990,202011969349304821,2020
911050325,OVERLAKE HOSPITAL FOUNDATION,BELLEVUE,WA,98004-4604,E110,E,2020,202006,5/18/2021 4:02:17 PM,990,202101329349302870,2021
911050325,OVERLAKE HOSPITAL FOUNDATION,BELLEVUE,WA,98004-4604,E110,E,2021,202106,2022,990,202241309349304989,2022
911050325,OVERLAKE HOSPITAL FOUNDATION,BELLEVUE,WA,98004-4604,E110,E,2022,202206,2023,990,202301329349307585,2023
911050325,OVERLAKE HOSPITAL FOUNDATION,BELLEVUE,WA,98004-4604,E110,E,2023,202306,2024,990,202401319349302530,2024
911061043,RONALD MCDONALD HOUSE CHARITIES OF WESTERN WASHINGTON & ALASKA,SEATTLE,WA,98105-3055,E860,E,2020,202012,1/4/2022 10:26:57 AM,990,202122799349301627,2021
911061043,RONALD MCDONALD HOUSE CHARITIES OF WESTERN WASHINGTON & ALASKA,SEATTLE,WA,98105-3055,E860,E,2021,202112,2022,990,202233199349329498,2022
911061043,RONALD MCDONALD HOUSE CHARITIES OF WESTERN WASHINGTON & ALASKA,SEATTLE,WA,98105-3055,E860,E,2022,202212,2023,990,202312999349301021,2023
911061043,RONALD MCDONALD HOUSE CHARITIES OF WESTERN WASHINGTON & ALASKA,SEATTLE,WA,98105-3055,E860,E,2023,202312,2024,990,202403029349302015,2024
911078809,CHILDRENS THERAPY CENTER,KENT,WA,98030-7108,E50,E,2019,201906,12/10/2020 10:31:46 PM,990,202021219349301907,2020
911078809,CHILDRENS THERAPY CENTER,KENT,WA,98030-7108,E50,E,2020,202006,5/5/2021 7:19:48 AM,990,202111139349301676,2021
911078809,CHILDRENS THERAPY CENTER,KENT,WA,98030-7108,E50,E,2021,202106,2022,990,202211259349303071,2022
911078809,CHILDRENS THERAPY CENTER,KENT,WA,98030-7108,E50,E,2022,202206,2023,990,202341319349307804,2023
911078809,CHILDRENS THERAPY CENTER,KENT,WA,98030-7108,E50,E,2023,202306,2024,990,202441369349317864,2024
911088938,JOHN L LOCKE JR CHARITABLE TRUST,ISSAQUAH,WA,98029-6256,E120,E,2019,201909,10/14/2020 12:23:37 AM,990,202012309349302991,2020
911088938,JOHN L LOCKE JR CHARITABLE TRUST,ISSAQUAH,WA,98029-6256,E120,E,2020,202009,9/3/2021 12:33:16 PM,990,202142259349302449,2021
911088938,JOHN L LOCKE JR CHARITABLE TRUST,ISSAQUAH,WA,98029-6256,E120,E,2021,202109,2022,990,202212279349304776,2022
911088938,JOHN L LOCKE JR CHARITABLE TRUST,ISSAQUAH,WA,98029-6256,E120,E,2022,202209,2023,990,202332279349303793,2023
911088938,JOHN L LOCKE JR CHARITABLE TRUST,ISSAQUAH,WA,98029-6256,E120,E,2023,202309,2024,990,202432209349301448,2024
911138000,HOPE HEART INSTITUTE,REDMOND,WA,98053-5872,H430,H,2020,202012,1/6/2022 10:57:41 AM,990,202143139349302239,2021
911138000,HOPE HEART INSTITUTE,REDMOND,WA,98053-5872,H430,H,2021,202112,2022,990,202223159349303232,2022
911138000,HOPE HEART INSTITUTE,REDMOND,WA,98053-5872,H430,H,2022,202212,2023,990,202312369349301211,2023
911138000,HOPE HEART INSTITUTE,REDMOND,WA,98053-5872,H430,H,2023,202312,2024,990,202401799349301260,2024
911154904,THE KLINE GALLAND CENTER,SEATTLE,WA,98118-4247,E91Z,E,2020,202012,1/6/2022 7:47:10 AM,990,202113069349302441,2021
911154904,THE KLINE GALLAND CENTER,SEATTLE,WA,98118-4247,E91Z,E,2021,202112,2022,990,202212979349300231,2022
911154904,THE KLINE GALLAND CENTER,SEATTLE,WA,98118-4247,E91Z,E,2022,202212,2023,990,202323049349301877,2023
911154904,THE KLINE GALLAND CENTER,SEATTLE,WA,98118-4247,E91Z,E,2023,202312,2024,990,202433119349303958,2024
911171170,HIGHLINE MEDICAL CENTER FOUNDATION,BURIEN,WA,98148-1794,E22,E,2020,202012,10/25/2022 6:31:10 PM,990,202123199349311057,2021
911171170,HIGHLINE MEDICAL CENTER FOUNDATION,BURIEN,WA,98148-1794,E22,E,2021,202112,2022,990,202203199349329420,2022
911171170,HIGHLINE MEDICAL CENTER FOUNDATION,BURIEN,WA,98148-1794,E22,E,2022,202212,2023,990,202343199349332104,2023
911171170,HIGHLINE MEDICAL CENTER FOUNDATION,BURIEN,WA,98148-1794,E22,E,2023,202312,2024,990,202403209349328315,2024
911192604,RAINER FOOTHILLS WELLNESS FOUNDATION,ENUMCLAW,WA,98022-0000,E22I,E,2020,202009,9/25/2021 8:34:32 AM,990,202102599349301010,2021
911192604,RAINER FOOTHILLS WELLNESS FOUNDATION,ENUMCLAW,WA,98022-0000,E22I,E,2021,202109,2022,990,202242349349301034,2022
911192604,RAINER FOOTHILLS WELLNESS FOUNDATION,ENUMCLAW,WA,98022-0000,E22I,E,2022,202209,2023,990,202301039349300630,2023
911192604,RAINER FOOTHILLS WELLNESS FOUNDATION,ENUMCLAW,WA,98022-0000,E22I,E,2023,202309,2024,990,202442279349302714,2024
911206800,BRAIN INJURY ASSOCIATION OF WASHINGTON,SEATTLE,WA,98104-2205,G48Z,G,2019,201906,8/19/2020 5:03:44 PM,990,202001199349301000,2020
911206800,BRAIN INJURY ASSOCIATION OF WASHINGTON,SEATTLE,WA,98104-2205,G48Z,G,2020,202006,4/13/2021 8:12:06 AM,990,202120549349300417,2021
911206800,BRAIN INJURY ASSOCIATION OF WASHINGTON,SEATTLE,WA,98104-2205,G48Z,G,2021,202106,2022,990,202231369349314263,2022
911206800,BRAIN INJURY ASSOCIATION OF WASHINGTON,SEATTLE,WA,98104-2205,G48Z,G,2022,202206,2023,990,202311359349306186,2023
911206800,BRAIN INJURY ASSOCIATION OF WASHINGTON,SEATTLE,WA,98104-2205,G48Z,G,2023,202306,2024,990,202410169349300031,2024
911215715,LIFELONG HEALTH FOR ALL,SEATTLE,WA,98134-2386,G810,G,2020,202012,10/25/2022 7:10:30 AM,990,202103199349329750,2021
911215715,LIFELONG HEALTH FOR ALL,SEATTLE,WA,98134-2386,G810,G,2021,202112,2022,990,202223199349332082,2022
911215715,LIFELONG HEALTH FOR ALL,SEATTLE,WA,98134-2386,G810,G,2022,202212,2023,990,202303189349312560,2023
911215715,LIFELONG HEALTH FOR ALL,SEATTLE,WA,98134-2386,G810,G,2023,202312,2024,990,202402749349300630,2024
911252785,NORTHWEST REGIONAL PRIMARY CARE ASSOCIATION,SEATTLE,WA,98109-0038,E30B,E,2019,201909,8/25/2020 8:18:21 PM,990,202041789349301354,2020
911252785,NORTHWEST REGIONAL PRIMARY CARE ASSOCIATION,SEATTLE,WA,98109-0038,E30B,E,2020,202009,9/3/2021 11:22:59 AM,990,202102259349302105,2021
911252785,NORTHWEST REGIONAL PRIMARY CARE ASSOCIATION,SEATTLE,WA,98109-0038,E30B,E,2021,202109,2022,990,202242239349302569,2022
911252785,NORTHWEST REGIONAL PRIMARY CARE ASSOCIATION,SEATTLE,WA,98109-0038,E30B,E,2022,202209,2023,990,202330459349301748,2023
911252785,NORTHWEST REGIONAL PRIMARY CARE ASSOCIATION,SEATTLE,WA,98109-0038,E30B,E,2023,202309,2024,990,202420789349300967,2024
911275815,DOWNTOWN EMERGENCY SERVICE CENTER,SEATTLE,WA,98104-2304,F300,F,2019,201912,10/9/2020 11:59:33 AM,990,202042309349303264,2020
911275815,DOWNTOWN EMERGENCY SERVICE CENTER,SEATTLE,WA,98104-2304,F300,F,2020,202012,1/4/2022 8:05:24 AM,990,202112539349301346,2021
911275815,DOWNTOWN EMERGENCY SERVICE CENTER,SEATTLE,WA,98104-2304,F300,F,2021,202112,2022,990,202232869349301118,2022
911275815,DOWNTOWN EMERGENCY SERVICE CENTER,SEATTLE,WA,98104-2304,F300,F,2022,202212,2023,990,202302579349302065,2023
911275815,DOWNTOWN EMERGENCY SERVICE CENTER,SEATTLE,WA,98104-2304,F300,F,2023,202312,2024,990,202422579349301312,2024
911286218,DANIEL E STUNTZ MEMORIAL FOUNDATION,SEATTLE,WA,98103-5428,G11,G,2020,202012,1/7/2022 7:59:41 AM,990,202113129349303981,2021
911307952,SEATTLE PSYCHOANALYTIC SOCIETY AND INSTITUTE,SEATTLE,WA,98102-3650,F00P,F,2019,201906,1/3/2020 7:44:56 AM,990,201943179349308089,2020
911307952,SEATTLE PSYCHOANALYTIC SOCIETY AND INSTITUTE,SEATTLE,WA,98102-3650,F00P,F,2021,202106,2022,990,202231369349308343,2022
911307952,SEATTLE PSYCHOANALYTIC SOCIETY AND INSTITUTE,SEATTLE,WA,98102-3650,F00P,F,2022,202206,2023,990,202340799349301059,2023
911307952,SEATTLE PSYCHOANALYTIC SOCIETY AND INSTITUTE,SEATTLE,WA,98102-3650,F00P,F,2023,202306,2024,990,202411169349300236,2024
911316838,BOYER CHILDRENS CLINIC,SEATTLE,WA,98112-2922,G500,G,2020,202012,10/25/2022 8:36:11 PM,990,202133179349301758,2021
911316838,BOYER CHILDRENS CLINIC,SEATTLE,WA,98112-2922,G500,G,2021,202112,2022,990,202213179349301036,2022
911316838,BOYER CHILDRENS CLINIC,SEATTLE,WA,98112-2922,G500,G,2022,202212,2023,990,202303079349303030,2023
911316838,BOYER CHILDRENS CLINIC,SEATTLE,WA,98112-2922,G500,G,2023,202312,2024,990,202403199349315085,2024
911327257,PEER WASHINGTON,SEATTLE,WA,98122-7602,G81Z,G,2021,202112,2022,990,202203139349301415,2022
911327257,PEER WASHINGTON,SEATTLE,WA,98122-7602,G81Z,G,2022,202212,2023,990,202313179349307906,2023
911327257,PEER WASHINGTON,SEATTLE,WA,98122-7602,G81Z,G,2023,202312,2024,990,202412959349301336,2024
911329433,MAKE-A-WISH FOUNDATION OF ALASKA & WASHINGTON,SEATTLE,WA,98104-1450,E86,E,2020,202008,8/27/2021 2:31:52 PM,990,202141969349301329,2021
911329433,MAKE-A-WISH FOUNDATION OF ALASKA & WASHINGTON,SEATTLE,WA,98104-1450,E86,E,2021,202108,2022,990,202211939349300531,2022
911329433,MAKE-A-WISH FOUNDATION OF ALASKA & WASHINGTON,SEATTLE,WA,98104-1450,E86,E,2022,202208,2023,990,202331929349300143,2023
911329433,MAKE-A-WISH FOUNDATION OF ALASKA & WASHINGTON,SEATTLE,WA,98104-1450,E86,E,2023,202308,2024,990,202441979349300989,2024
911336707,THE ASSOCIATION OF CHRMC AND UNIVERSITY PHYSICIANS,SEATTLE,WA,98105-3954,E120,E,2020,202006,5/20/2021 4:03:10 PM,990,202131329349305353,2021
911336707,THE ASSOCIATION OF CHRMC AND UNIVERSITY PHYSICIANS,SEATTLE,WA,98105-3954,E120,E,2021,202106,2022,990,202211369349307026,2022
911336707,THE ASSOCIATION OF CHRMC AND UNIVERSITY PHYSICIANS,SEATTLE,WA,98105-3954,E120,E,2022,202206,2023,990,202311329349309256,2023
911336707,THE ASSOCIATION OF CHRMC AND UNIVERSITY PHYSICIANS,SEATTLE,WA,98105-3954,E120,E,2023,202306,2024,990,202401369349311345,2024
911367767,FELLOWSHIP SERVICES ASSOCIATION,SHORELINE,WA,98155-0064,F21,F,2019,201912,12/10/2020 10:31:46 PM,990,202021219349301852,2020
911367767,FELLOWSHIP SERVICES ASSOCIATION,SHORELINE,WA,98155-0064,F21,F,2020,202012,8/27/2021 1:19:41 PM,990,202141759349300824,2021
911367767,FELLOWSHIP SERVICES ASSOCIATION,SHORELINE,WA,98155-0064,F21,F,2021,202112,2022,990,202232419349300573,2022
911367767,FELLOWSHIP SERVICES ASSOCIATION,SHORELINE,WA,98155-0064,F21,F,2022,202212,2023,990,202302899349301315,2023
911367767,FELLOWSHIP SERVICES ASSOCIATION,SHORELINE,WA,98155-0064,F21,F,2023,202312,2024,990,202421359349311787,2024
911381840,WASHINGTON PHYSICIANS HEALTH PROGRAM,SEATTLE,WA,98101-1522,F220,F,2019,201906,6/26/2020 8:07:16 PM,990,201913509349300041,2020
911381840,WASHINGTON PHYSICIANS HEALTH PROGRAM,SEATTLE,WA,98101-1522,F220,F,2020,202006,4/5/2021 7:16:01 PM,990,202013399349301001,2020
911381840,WASHINGTON PHYSICIANS HEALTH PROGRAM,SEATTLE,WA,98101-1522,F220,F,2021,202106,2022,990,202230109349300828,2022
911381840,WASHINGTON PHYSICIANS HEALTH PROGRAM,SEATTLE,WA,98101-1522,F220,F,2022,202206,2023,990,202300659349300215,2023
911381840,WASHINGTON PHYSICIANS HEALTH PROGRAM,SEATTLE,WA,98101-1522,F220,F,2023,202306,2024,990,202400789349301250,2024
911410450,BUILDING CHANGES,SEATTLE,WA,98144-2734,G81B,G,2020,202012,8/31/2021 12:14:19 PM,990,202112249349301871,2021
911410450,BUILDING CHANGES,SEATTLE,WA,98144-2734,G81B,G,2021,202112,2022,990,202223199349332712,2022
911410450,BUILDING CHANGES,SEATTLE,WA,98144-2734,G81B,G,2022,202212,2023,990,202303249349301110,2023
911410450,BUILDING CHANGES,SEATTLE,WA,98144-2734,G81B,G,2023,202312,2024,990,202402629349300020,2024
911412987,END OF LIFE WASHINGTON,FEDERAL WAY,WA,98023-4530,F60Z,F,2019,201906,9/29/2020 5:42:54 PM,990,202031359349301518,2020
911412987,END OF LIFE WASHINGTON,FEDERAL WAY,WA,98023-4530,F60Z,F,2020,202006,4/19/2021 6:20:20 PM,990,202101009349300230,2021
911412987,END OF LIFE WASHINGTON,FEDERAL WAY,WA,98023-4530,F60Z,F,2021,202106,1/7/2022 10:15:10 AM,990,202133129349302753,2021
911412987,END OF LIFE WASHINGTON,FEDERAL WAY,WA,98023-4530,F60Z,F,2022,202206,2022,990,202203189349307465,2022
911412987,END OF LIFE WASHINGTON,FEDERAL WAY,WA,98023-4530,F60Z,F,2023,202306,2024,990,202420829349301052,2024
911415892,PEOPLE OF COLOR AGAINST AIDS NETWORK,FEDERAL WAY,WA,98003-7354,E71Z,E,2020,202012,10/25/2022 11:59:41 AM,990,202113199349326646,2021
911415892,PEOPLE OF COLOR AGAINST AIDS NETWORK,FEDERAL WAY,WA,98003-7354,E71Z,E,2021,202112,2022,990,202203199349328295,2022
911415892,PEOPLE OF COLOR AGAINST AIDS NETWORK,FEDERAL WAY,WA,98003-7354,E71Z,E,2022,202212,2023,990,202333199349329573,2023
911415892,PEOPLE OF COLOR AGAINST AIDS NETWORK,FEDERAL WAY,WA,98003-7354,E71Z,E,2023,202312,2025,990,202532049349300123,2025
911419327,FOUNDATION FOR HEALTH CARE QUALITY,SEATTLE,WA,98104-1741,E70,E,2020,202012,1/5/2022 12:20:00 PM,990,202133039349300203,2021
911419327,FOUNDATION FOR HEALTH CARE QUALITY,SEATTLE,WA,98104-1741,E70,E,2021,202112,2022,990,202243129349304484,2022
911419327,FOUNDATION FOR HEALTH CARE QUALITY,SEATTLE,WA,98104-1741,E70,E,2022,202212,2023,990,202333189349316713,2023
911419327,FOUNDATION FOR HEALTH CARE QUALITY,SEATTLE,WA,98104-1741,E70,E,2023,202312,2025,990,202521649349300917,2025
911448669,PERINATAL SUPPORT WASHINGTON,SEATTLE,WA,98103-6905,F99,F,2019,201912,8/19/2020 11:50:53 PM,990,202041819349300734,2020
911448669,PERINATAL SUPPORT WASHINGTON,SEATTLE,WA,98103-6905,F99,F,2020,202012,1/5/2022 9:41:59 AM,990,202132889349300023,2021
911448669,PERINATAL SUPPORT WASHINGTON,SEATTLE,WA,98103-6905,F99,F,2021,202112,2022,990,202233189349317898,2022
911448669,PERINATAL SUPPORT WASHINGTON,SEATTLE,WA,98103-6905,F99,F,2022,202212,2023,990,202332839349302213,2023
911448669,PERINATAL SUPPORT WASHINGTON,SEATTLE,WA,98103-6905,F99,F,2023,202312,2024,990,202443209349323744,2024
911452438,SEATTLE INSTITUTE FOR BIOMEDICAL AND CLINICAL RESEARCH,SEATTLE,WA,98108-1532,H92Z,H,2020,202009,5/28/2021 10:53:00 AM,990,202131409349300118,2021
911452438,SEATTLE INSTITUTE FOR BIOMEDICAL AND CLINICAL RESEARCH,SEATTLE,WA,98108-1532,H92Z,H,2021,202109,2022,990,202242359349300634,2022
911452438,SEATTLE INSTITUTE FOR BIOMEDICAL AND CLINICAL RESEARCH,SEATTLE,WA,98108-1532,H92Z,H,2022,202209,2023,990,202331519349300743,2023
911452438,SEATTLE INSTITUTE FOR BIOMEDICAL AND CLINICAL RESEARCH,SEATTLE,WA,98108-1532,H92Z,H,2023,202309,2024,990,202421309349302572,2024
911485176,PEDIATRIC INTERIM CARE CENTER INC,KENT,WA,98032-5836,E99Z,E,2020,202006,8/31/2021 11:11:46 AM,990,202102159349300525,2021
911485176,PEDIATRIC INTERIM CARE CENTER INC,KENT,WA,98032-5836,E99Z,E,2021,202106,2022,990,202221339349303842,2022
911485176,PEDIATRIC INTERIM CARE CENTER INC,KENT,WA,98032-5836,E99Z,E,2022,202206,2023,990,202301799349301030,2023
911485176,PEDIATRIC INTERIM CARE CENTER INC,KENT,WA,98032-5836,E99Z,E,2023,202306,2024,990,202441369349309734,2024
911503602,THE NORTHWEST NETWORK OF BISEXUAL,SEATTLE,WA,98119-0000,F22Z,F,2019,201912,1/4/2022 11:05:11 AM,990,202112809349302011,2021
911503602,THE NORTHWEST NETWORK OF BISEXUAL,SEATTLE,WA,98119-0000,F22Z,F,2020,202012,10/26/2022 7:38:52 AM,990,202143199349321699,2021
911503602,THE NORTHWEST NETWORK OF BISEXUAL,SEATTLE,WA,98119-0000,F22Z,F,2021,202112,2022,990,202213189349319361,2022
911503602,THE NORTHWEST NETWORK OF BISEXUAL,SEATTLE,WA,98119-0000,F22Z,F,2022,202212,2023,990,202323079349303142,2023
911503602,THE NORTHWEST NETWORK OF BISEXUAL,SEATTLE,WA,98119-0000,F22Z,F,2023,202312,2024,990,202402149349300305,2024
911608978,ACCESS TO ADVANCED HEALTH INSTITUTE,SEATTLE,WA,98102-3797,H80,H,2019,201912,4/12/2021 3:56:26 PM,990,202110399349300821,2021
911608978,ACCESS TO ADVANCED HEALTH INSTITUTE,SEATTLE,WA,98102-3797,H80,H,2020,202012,1/28/2022 9:01:54 AM,990,202133549349300833,2021
911608978,ACCESS TO ADVANCED HEALTH INSTITUTE,SEATTLE,WA,98102-3797,H80,H,2021,202112,2022,990,202213199349320756,2022
911608978,ACCESS TO ADVANCED HEALTH INSTITUTE,SEATTLE,WA,98102-3797,H80,H,2022,202212,2023,990,202333199349317753,2023
911608978,ACCESS TO ADVANCED HEALTH INSTITUTE,SEATTLE,WA,98102-3797,H80,H,2023,202312,2024,990,202433269349301233,2024
911620786,KIN ON HEALTH CARE CENTER,SEATTLE,WA,98118-2341,E910,E,2020,202012,8/27/2021 1:52:06 PM,990,202141769349300909,2021
911620786,KIN ON HEALTH CARE CENTER,SEATTLE,WA,98118-2341,E910,E,2021,202112,2022,990,202243019349301149,2022
911620786,KIN ON HEALTH CARE CENTER,SEATTLE,WA,98118-2341,E910,E,2022,202212,2023,990,202343039349302209,2023
911620786,KIN ON HEALTH CARE CENTER,SEATTLE,WA,98118-2341,E910,E,2023,202312,2024,990,202423189349306632,2024
911626641,JOHN L SCOTT FOUNDATION,ISSAQUAH,WA,98027-5349,E120,E,2020,202012,8/31/2021 9:31:37 AM,990,202112019349300856,2021
911626641,JOHN L SCOTT FOUNDATION,ISSAQUAH,WA,98027-5349,E120,E,2021,202112,2022,990,202213199349310176,2022
911626641,JOHN L SCOTT FOUNDATION,ISSAQUAH,WA,98027-5349,E120,E,2022,202212,2023,990,202313189349308291,2023
911684691,ACRES OF DIAMONDS,DUVALL,WA,98019-1672,F20,F,2019,201908,8/20/2020 12:57:46 PM,990,202000669349300540,2020
911684691,ACRES OF DIAMONDS,DUVALL,WA,98019-1672,F20,F,2020,202008,4/14/2021 8:08:56 AM,990,202110739349300301,2021
911684691,ACRES OF DIAMONDS,DUVALL,WA,98019-1672,F20,F,2021,202108,2022,990,202231369349313898,2022
911684691,ACRES OF DIAMONDS,DUVALL,WA,98019-1672,F20,F,2022,202208,2023,990,202311799349301026,2023
911684691,ACRES OF DIAMONDS,DUVALL,WA,98019-1672,F20,F,2023,202308,2024,990,202432119349301303,2024
911743945,TEAM SURVIVOR NORTHWEST,SEATTLE,WA,98105-6856,E70,E,2019,201912,9/22/2020 9:53:44 PM,990,202022199349301002,2020
911743945,TEAM SURVIVOR NORTHWEST,SEATTLE,WA,98105-6856,E70,E,2020,202012,1/7/2022 9:21:10 AM,990,202123139349303877,2021
911743945,TEAM SURVIVOR NORTHWEST,SEATTLE,WA,98105-6856,E70,E,2021,202112,2022,990,202211319349305711,2022
911743945,TEAM SURVIVOR NORTHWEST,SEATTLE,WA,98105-6856,E70,E,2022,202212,2023,990,202331349349300113,2023
911743945,TEAM SURVIVOR NORTHWEST,SEATTLE,WA,98105-6856,E70,E,2023,202312,2024,990,202423189349306647,2024
911828539,CANCER RESEARCH AND BIOSTATISTICS,SEATTLE,WA,98109-6244,H30,H,2020,202012,10/25/2022 8:02:02 AM,990,202113169349313361,2021
911828539,CANCER RESEARCH AND BIOSTATISTICS,SEATTLE,WA,98109-6244,H30,H,2021,202112,2022,990,202213199349331796,2022
911828539,CANCER RESEARCH AND BIOSTATISTICS,SEATTLE,WA,98109-6244,H30,H,2022,202212,2023,990,202322979349300147,2023
911828539,CANCER RESEARCH AND BIOSTATISTICS,SEATTLE,WA,98109-6244,H30,H,2023,202312,2024,990,202433029349301398,2024
911883302,MEDICAL STAFF OF EVERGREEN HOSPITAL MEDICAL CENTER,KIRKLAND,WA,98034-3013,E03,E,2019,201912,12/22/2020 8:41:31 AM,990,202043099349302094,2020
911883302,MEDICAL STAFF OF EVERGREEN HOSPITAL MEDICAL CENTER,KIRKLAND,WA,98034-3013,E03,E,2020,202012,1/4/2022 8:20:29 AM,990,202142539349300444,2021
911883302,MEDICAL STAFF OF EVERGREEN HOSPITAL MEDICAL CENTER,KIRKLAND,WA,98034-3013,E03,E,2021,202112,2022,990,202202009349300920,2022
911883302,MEDICAL STAFF OF EVERGREEN HOSPITAL MEDICAL CENTER,KIRKLAND,WA,98034-3013,E03,E,2022,202212,2023,990,202322159349301602,2023
911883302,MEDICAL STAFF OF EVERGREEN HOSPITAL MEDICAL CENTER,KIRKLAND,WA,98034-3013,E03,E,2023,202312,2024,990,202441839349300979,2024
911893957,THE MAX FOUNDATION,SEATTLE,WA,98107-4622,E70,E,2020,202012,1/6/2022 7:13:39 AM,990,202143069349301874,2021
911893957,THE MAX FOUNDATION,SEATTLE,WA,98107-4622,E70,E,2021,202112,2022,990,202212839349301456,2022
911893957,THE MAX FOUNDATION,SEATTLE,WA,98107-4622,E70,E,2022,202212,2023,990,202322169349300402,2023
911893957,THE MAX FOUNDATION,SEATTLE,WA,98107-4622,E70,E,2023,202312,2024,990,202422289349302312,2024
911923159,NORTHWEST PARKINSONS FOUNDATION,MERCER ISLAND,WA,98040-2895,E70,E,2020,202009,2022,990,202230259349301038,2022
911923159,NORTHWEST PARKINSONS FOUNDATION,MERCER ISLAND,WA,98040-2895,E70,E,2021,202109,2022,990,202210609349300401,2022
911923159,NORTHWEST PARKINSONS FOUNDATION,MERCER ISLAND,WA,98040-2895,E70,E,2022,202209,2023,990,202340319349300639,2023
911923159,NORTHWEST PARKINSONS FOUNDATION,MERCER ISLAND,WA,98040-2895,E70,E,2023,202309,2024,990,202410379349300506,2024
911935159,FRED HUTCHINSON CANCER CENTER,SEATTLE,WA,98109-4433,E240,E,2019,201906,8/10/2020 11:25:54 AM,990,202041299349300439,2020
911935159,FRED HUTCHINSON CANCER CENTER,SEATTLE,WA,98109-4433,E240,E,2020,202006,4/15/2021 8:13:26 AM,990,202110979349301346,2021
911935159,FRED HUTCHINSON CANCER CENTER,SEATTLE,WA,98109-4433,E240,E,2021,202106,2022,990,202220819349300902,2022
911935159,FRED HUTCHINSON CANCER CENTER,SEATTLE,WA,98109-4433,E240,E,2022,202206,2023,990,202301249349303300,2023
911935159,FRED HUTCHINSON CANCER CENTER,SEATTLE,WA,98109-4433,E240,E,2023,202306,2024,990,202411209349301481,2024
911961032,NORTHWEST HEALTH LAW ADVOCATES,SEATTLE,WA,98101-2677,E017,E,2020,202012,8/27/2021 1:26:31 PM,990,202121809349300442,2021
911961032,NORTHWEST HEALTH LAW ADVOCATES,SEATTLE,WA,98101-2677,E017,E,2021,202112,2022,990,202211249349302466,2022
911961032,NORTHWEST HEALTH LAW ADVOCATES,SEATTLE,WA,98101-2677,E017,E,2022,202212,2023,990,202311169349300046,2023
911961032,NORTHWEST HEALTH LAW ADVOCATES,SEATTLE,WA,98101-2677,E017,E,2023,202312,2024,990,202421229349300547,2024
911993346,NORTHWEST BEHAVIORAL ASSOCIATES INC,BELLEVUE,WA,98004-1480,F30,F,2019,201912,8/25/2020 9:50:11 PM,990,202021969349300517,2020
911993346,NORTHWEST BEHAVIORAL ASSOCIATES INC,BELLEVUE,WA,98004-1480,F30,F,2020,202012,1/6/2022 8:45:34 AM,990,202133139349302473,2021
911993346,NORTHWEST BEHAVIORAL ASSOCIATES INC,BELLEVUE,WA,98004-1480,F30,F,2021,202112,2022,990,202222979349301807,2022
911993346,NORTHWEST BEHAVIORAL ASSOCIATES INC,BELLEVUE,WA,98004-1480,F30,F,2022,202212,2023,990,202303199349309320,2023
911993346,NORTHWEST BEHAVIORAL ASSOCIATES INC,BELLEVUE,WA,98004-1480,F30,F,2023,202312,2024,990,202423109349303442,2024
912032294,MARVIN THOMAS MEMORIAL,SEATTLE,WA,98134-2173,H11,H,2020,202012,5/20/2021 2:44:49 PM,990,202110759349300601,2021
912032294,MARVIN THOMAS MEMORIAL,SEATTLE,WA,98134-2173,H11,H,2021,202112,2022,990,202212519349300101,2022
912032294,MARVIN THOMAS MEMORIAL,SEATTLE,WA,98134-2173,H11,H,2022,202212,2023,990,202342339349301054,2023
912054035,RIVKIN CENTER FOR OVARIAN CANCER,SEATTLE,WA,98144-2776,H30,H,2020,202012,1/7/2022 9:41:37 AM,990,202123149349306402,2021
912054035,RIVKIN CENTER FOR OVARIAN CANCER,SEATTLE,WA,98144-2776,H30,H,2021,202112,2022,990,202213009349301636,2022
912054035,RIVKIN CENTER FOR OVARIAN CANCER,SEATTLE,WA,98144-2776,H30,H,2022,202212,2023,990,202343109349302799,2023
912054035,RIVKIN CENTER FOR OVARIAN CANCER,SEATTLE,WA,98144-2776,H30,H,2023,202312,2024,990,202412849349301706,2024
912054526,THE HEALING CENTER,SEATTLE,WA,98122-0004,F99,F,2019,201906,10/15/2020 9:01:41 PM,990,202000249349301425,2020
912054526,THE HEALING CENTER,SEATTLE,WA,98122-0004,F99,F,2020,202006,8/31/2021 10:33:36 AM,990,202122109349301712,2021
912054526,THE HEALING CENTER,SEATTLE,WA,98122-0004,F99,F,2021,202106,2022,990,202200079349301880,2022
912054526,THE HEALING CENTER,SEATTLE,WA,98122-0004,F99,F,2022,202206,2023,990,202340869349301314,2023
912054526,THE HEALING CENTER,SEATTLE,WA,98122-0004,F99,F,2023,202306,2024,990,202410939349301881,2024
912106510,NAMI EASTSIDE,REDMOND,WA,98052-7465,F20,F,2020,202012,8/27/2021 1:22:34 PM,990,202121699349301127,2021
912106510,NAMI EASTSIDE,REDMOND,WA,98052-7465,F20,F,2021,202112,2022,990,202211449349301121,2022
912106510,NAMI EASTSIDE,REDMOND,WA,98052-7465,F20,F,2022,202212,2023,990,202322309349300927,2023
912106510,NAMI EASTSIDE,REDMOND,WA,98052-7465,F20,F,2023,202312,2024,990,202432689349301658,2024
912155317,ALLEN INSTITUTE,SEATTLE,WA,98109-4307,H96,H,2020,202012,1/7/2022 10:03:21 AM,990,202123159349306102,2021
912155317,ALLEN INSTITUTE,SEATTLE,WA,98109-4307,H96,H,2021,202112,2022,990,202223079349301472,2022
912155317,ALLEN INSTITUTE,SEATTLE,WA,98109-4307,H96,H,2022,202212,2023,990,202303109349303165,2023
912155317,ALLEN INSTITUTE,SEATTLE,WA,98109-4307,H96,H,2023,202312,2024,990,202413179349304991,2024
912158547,RECOVERY CAFE,SEATTLE,WA,98121-2703,F21,F,2019,201906,7/8/2020 1:12:17 PM,990,201903479349301205,2020
912158547,RECOVERY CAFE,SEATTLE,WA,98121-2703,F21,F,2020,202006,5/18/2021 3:16:21 PM,990,202101339349305825,2021
912158547,RECOVERY CAFE,SEATTLE,WA,98121-2703,F21,F,2021,202106,2022,990,202222839349301382,2022
912158547,RECOVERY CAFE,SEATTLE,WA,98121-2703,F21,F,2022,202206,2023,990,202301009349300210,2023
912158547,RECOVERY CAFE,SEATTLE,WA,98121-2703,F21,F,2023,202306,2024,990,202431139349301653,2024
912160317,CIERRA SISTERS,RENTON,WA,98057-1634,E60,E,2020,202012,10/26/2022 10:46:32 AM,990,202123169349306012,2021
912160317,CIERRA SISTERS,RENTON,WA,98057-1634,E60,E,2021,202112,2022,990,202223159349304112,2022
912160317,CIERRA SISTERS,RENTON,WA,98057-1634,E60,E,2022,202212,2023,990,202332759349300318,2023
912160317,CIERRA SISTERS,RENTON,WA,98057-1634,E60,E,2023,202312,2025,990,202500249349300625,2025
916057438,NORTHWEST KIDNEY CENTERS,SEATAC,WA,98168-5159,E300,E,2020,202006,4/14/2021 7:40:24 AM,990,202140679349300969,2021
916057438,NORTHWEST KIDNEY CENTERS,SEATAC,WA,98168-5159,E300,E,2021,202106,2022,990,202211269349301761,2022
916057438,NORTHWEST KIDNEY CENTERS,SEATAC,WA,98168-5159,E300,E,2022,202206,2023,990,202301329349307630,2023
916057438,NORTHWEST KIDNEY CENTERS,SEATAC,WA,98168-5159,E300,E,2023,202306,2024,990,202401369349317520,2024
916063183,VALLEY CITIES COUNSELING AND CONSULTATION,KENT,WA,98032-5892,F21Z,F,2020,202012,1/7/2022 8:00:23 AM,990,202113129349304461,2021
916063183,VALLEY CITIES COUNSELING AND CONSULTATION,KENT,WA,98032-5892,F21Z,F,2021,202112,2022,990,202231879349301763,2022
916063183,VALLEY CITIES COUNSELING AND CONSULTATION,KENT,WA,98032-5892,F21Z,F,2022,202212,2023,990,202322219349301327,2023
916063183,VALLEY CITIES COUNSELING AND CONSULTATION,KENT,WA,98032-5892,F21Z,F,2023,202312,2024,990,202432439349301033,2024
916182951,CANCER LIFELINE OF KING COUNTY,SEATTLE,WA,98103-5358,G30Z,G,2019,201912,8/25/2020 4:54:58 PM,990,202022029349300907,2020
916182951,CANCER LIFELINE OF KING COUNTY,SEATTLE,WA,98103-5358,G30Z,G,2020,202012,8/26/2021 2:35:09 PM,990,202101599349300420,2021
916182951,CANCER LIFELINE OF KING COUNTY,SEATTLE,WA,98103-5358,G30Z,G,2021,202112,2022,990,202210889349301501,2022
916182951,CANCER LIFELINE OF KING COUNTY,SEATTLE,WA,98103-5358,G30Z,G,2022,202212,2023,990,202310889349301116,2023
916182951,CANCER LIFELINE OF KING COUNTY,SEATTLE,WA,98103-5358,G30Z,G,2023,202312,2024,990,202422679349300537,2024
916183158,MEDIC ONE FOUNDATION,BELLEVUE,WA,98005-3018,E63Z,E,2020,202012,8/31/2021 10:02:38 AM,990,202132099349301303,2021
916183158,MEDIC ONE FOUNDATION,BELLEVUE,WA,98005-3018,E63Z,E,2021,202112,2022,990,202201969349302710,2022
916183158,MEDIC ONE FOUNDATION,BELLEVUE,WA,98005-3018,E63Z,E,2022,202212,2023,990,202332279349302353,2023
916183158,MEDIC ONE FOUNDATION,BELLEVUE,WA,98005-3018,E63Z,E,2023,202312,2024,990,202412629349301501,2024
920670811,ACCESS WALK,SEATTLE,WA,98101-1397,E12,E,2023,202312,2024,990,202413109349303866,2024
923175405,CAREPOINT CLINIC,FALL CITY,WA,98024-9749,E80,E,2023,202312,2025,990,202511229349300136,2025
942401949,CARDEA SERVICES,SEATTLE,WA,98101-4403,E80,E,2019,201909,10/9/2020 8:53:52 AM,990,202042309349303304,2020
942401949,CARDEA SERVICES,SEATTLE,WA,98101-4403,E80,E,2020,202009,9/3/2021 11:23:28 AM,990,202102259349303070,2021
942401949,CARDEA SERVICES,SEATTLE,WA,98101-4403,E80,E,2021,202109,2022,990,202202239349301530,2022
942401949,CARDEA SERVICES,SEATTLE,WA,98101-4403,E80,E,2023,202309,2024,990,202421949349300847,2024
943061441,ROANOKE PARK COUNSELING,SEATTLE,WA,98102-3906,F600,F,2020,202006,5/20/2021 3:12:45 PM,990,202121329349301697,2021
943061441,ROANOKE PARK COUNSELING,SEATTLE,WA,98102-3906,F600,F,2021,202106,2022,990,202201339349307185,2022
943061441,ROANOKE PARK COUNSELING,SEATTLE,WA,98102-3906,F600,F,2022,202206,2023,990,202330459349301928,2023
943061441,ROANOKE PARK COUNSELING,SEATTLE,WA,98102-3906,F600,F,2023,202306,2024,990,202420169349302272,2024
943079915,NORTHWEST ASSOCIATION FOR BIOMEDICAL RESEARCH,SEATTLE,WA,98109-6005,H92Z,H,2019,201909,8/27/2020 7:20:58 AM,990,202020499349301317,2020
943079915,NORTHWEST ASSOCIATION FOR BIOMEDICAL RESEARCH,SEATTLE,WA,98109-6005,H92Z,H,2020,202009,4/6/2021 11:29:21 AM,990,202140299349301804,2021
943079915,NORTHWEST ASSOCIATION FOR BIOMEDICAL RESEARCH,SEATTLE,WA,98109-6005,H92Z,H,2021,202109,2022,990,202210469349303001,2022
943079915,NORTHWEST ASSOCIATION FOR BIOMEDICAL RESEARCH,SEATTLE,WA,98109-6005,H92Z,H,2022,202209,2023,990,202320469349301827,2023
943079915,NORTHWEST ASSOCIATION FOR BIOMEDICAL RESEARCH,SEATTLE,WA,98109-6005,H92Z,H,2023,202309,2024,990,202421699349301427,2024
943080307,ASHLEY HOUSE,FEDERAL WAY,WA,98003-6707,E86Z,E,2019,201912,9/15/2020 6:19:09 AM,990,202021919349302217,2020
943080307,ASHLEY HOUSE,FEDERAL WAY,WA,98003-6707,E86Z,E,2020,202012,1/6/2022 10:58:41 AM,990,202143139349303024,2021
943080307,ASHLEY HOUSE,FEDERAL WAY,WA,98003-6707,E86Z,E,2021,202112,2022,990,202203159349306005,2022
943080307,ASHLEY HOUSE,FEDERAL WAY,WA,98003-6707,E86Z,E,2022,202212,2023,990,202312629349301326,2023
943080307,ASHLEY HOUSE,FEDERAL WAY,WA,98003-6707,E86Z,E,2023,202312,2024,990,202422789349300847,2024
943170367,SEATTLE KING COUNTY DENTAL FOUNDATION,SEATTLE,WA,98115-1231,E99Z,E,2019,201906,10/15/2020 2:17:37 PM,990,202001989349300000,2020
943170367,SEATTLE KING COUNTY DENTAL FOUNDATION,SEATTLE,WA,98115-1231,E99Z,E,2020,202006,5/26/2021 10:26:17 AM,990,202121379349310937,2021
943170367,SEATTLE KING COUNTY DENTAL FOUNDATION,SEATTLE,WA,98115-1231,E99Z,E,2021,202106,2022,990,202211369349307311,2022
943170367,SEATTLE KING COUNTY DENTAL FOUNDATION,SEATTLE,WA,98115-1231,E99Z,E,2022,202206,2023,990,202301369349302810,2023
943170367,SEATTLE KING COUNTY DENTAL FOUNDATION,SEATTLE,WA,98115-1231,E99Z,E,2023,202306,2024,990,202401069349301430,2024
943214597,WASHINGTON POISON CENTER,SEATTLE,WA,98125-8007,E70K,E,2019,201906,8/14/2020 8:22:39 AM,990,202040279349300444,2020
943214597,WASHINGTON POISON CENTER,SEATTLE,WA,98125-8007,E70K,E,2020,202006,5/18/2021 3:17:05 PM,990,202101339349305525,2021
943214597,WASHINGTON POISON CENTER,SEATTLE,WA,98125-8007,E70K,E,2021,202106,2022,990,202220819349301032,2022
943214597,WASHINGTON POISON CENTER,SEATTLE,WA,98125-8007,E70K,E,2022,202206,2023,990,202310799349300901,2023
943214597,WASHINGTON POISON CENTER,SEATTLE,WA,98125-8007,E70K,E,2023,202306,2024,990,202401329349300235,2024
943253342,LIFECENTER NORTHWEST,BELLEVUE,WA,98006-1395,E99,E,2020,202012,1/5/2022 11:10:36 AM,990,202102999349302350,2021
943253342,LIFECENTER NORTHWEST,BELLEVUE,WA,98006-1395,E99,E,2021,202112,2022,990,202232799349300338,2022
943253342,LIFECENTER NORTHWEST,BELLEVUE,WA,98006-1395,E99,E,2022,202212,2023,990,202322969349301912,2023
943253342,LIFECENTER NORTHWEST,BELLEVUE,WA,98006-1395,E99,E,2023,202312,2024,990,202443169349306414,2024
946129010,PACIFIC COAST REPRODUCTION SOCIETY,SEATTLE,WA,98133-1305,E44Z,E,2019,201906,9/1/2020 8:03:42 AM,990,202020519349301307,2020
946129010,PACIFIC COAST REPRODUCTION SOCIETY,SEATTLE,WA,98133-1305,E44Z,E,2021,202106,2022,990,202240329349300219,2022
946129010,PACIFIC COAST REPRODUCTION SOCIETY,SEATTLE,WA,98133-1305,E44Z,E,2022,202206,2023,990,202311089349301636,2023
946129010,PACIFIC COAST REPRODUCTION SOCIETY,SEATTLE,WA,98133-1305,E44Z,E,2023,202306,2023,990,202323539349301302,2023
953589356,ST JOSEPH HEALTH SYSTEM,RENTON,WA,98057-3368,E21,E,2020,202012,1/6/2022 9:51:45 AM,990,202133159349308968,2021
953589356,ST JOSEPH HEALTH SYSTEM,RENTON,WA,98057-3368,E21,E,2021,202112,2022,990,202203199349301805,2022
953589356,ST JOSEPH HEALTH SYSTEM,RENTON,WA,98057-3368,E21,E,2022,202212,2023,990,202343189349308949,2023
953589356,ST JOSEPH HEALTH SYSTEM,RENTON,WA,98057-3368,E21,E,2023,202312,2024,990,202423189349306942,2024
